captured_at,deck_id,card_entries,total_copies,updated_at
2026-08-13T08:15:14.997410+00:00,0016e5a36c,0,0,2026-07-31T08:28:41.02+00:00
2026-08-13T08:15:14.997410+00:00,00481ccb17,0,0,2026-08-12T14:49:39.77+00:00
2026-08-13T08:15:14.997410+00:00,0064bb12ab,0,0,2026-08-04T02:32:58.054+00:00
2026-08-13T08:15:14.997410+00:00,0092de93cc,0,0,2026-08-04T18:09:34.248+00:00
2026-08-13T08:15:14.997410+00:00,00991db2ba,0,0,2026-08-09T03:33:38.622+00:00
2026-08-13T08:15:14.997410+00:00,00bda5a807,0,0,2026-08-04T18:34:08.676+00:00
2026-08-13T08:15:14.997410+00:00,00ed966dec,0,0,2026-08-05T18:52:29.051+00:00
2026-08-13T08:15:14.997410+00:00,0157b53c91,0,0,2026-08-03T00:05:10.218+00:00
2026-08-13T08:15:14.997410+00:00,0187ddb045,0,0,2026-08-07T21:51:32.185+00:00
2026-08-13T08:15:14.997410+00:00,022eb75fa7,0,0,2026-08-05T23:17:40.463+00:00
2026-08-13T08:15:14.997410+00:00,02464e6e96,0,0,2026-08-03T16:34:19.983+00:00
2026-08-13T08:15:14.997410+00:00,025da3c1a6,0,0,2026-08-07T03:57:30.683+00:00
2026-08-13T08:15:14.997410+00:00,04255f7f8f,0,0,2026-08-08T04:57:02.586+00:00
2026-08-13T08:15:14.997410+00:00,04344bf211,0,0,2026-08-07T23:20:05.436+00:00
2026-08-13T08:15:14.997410+00:00,0435ca0b88,0,0,2026-08-12T16:19:01.108+00:00
2026-08-13T08:15:14.997410+00:00,043ea1c665,0,0,2026-08-09T15:07:38.646+00:00
2026-08-13T08:15:14.997410+00:00,04ad69e7fa,0,0,2026-08-06T15:35:29.758+00:00
2026-08-13T08:15:14.997410+00:00,04c41a2e2f,0,0,2026-08-06T03:03:20.373+00:00
2026-08-13T08:15:14.997410+00:00,04d6686925,0,0,2026-08-06T04:47:57.059+00:00
2026-08-13T08:15:14.997410+00:00,050a2bf6d7,0,0,2026-08-11T17:58:03.411+00:00
2026-08-13T08:15:14.997410+00:00,056b7230c6,0,0,2026-08-11T23:21:59.098+00:00
2026-08-13T08:15:14.997410+00:00,05c91a928d,0,0,2026-08-05T22:30:07.432+00:00
2026-08-13T08:15:14.997410+00:00,05f1725259,0,0,2026-08-04T18:41:09.893+00:00
2026-08-13T08:15:14.997410+00:00,061f7108ed,0,0,2026-08-09T02:00:55.775+00:00
2026-08-13T08:15:14.997410+00:00,06bcdd228a,0,0,2026-08-06T04:37:14.824+00:00
2026-08-13T08:15:14.997410+00:00,0718f7776a,0,0,2026-08-13T04:48:59.815+00:00
2026-08-13T08:15:14.997410+00:00,071c24e481,0,0,2026-08-05T23:20:45.161+00:00
2026-08-13T08:15:14.997410+00:00,0758155986,0,0,2026-08-10T22:27:31.512+00:00
2026-08-13T08:15:14.997410+00:00,079824ee2b,0,0,2026-08-07T19:24:11.752+00:00
2026-08-13T08:15:14.997410+00:00,07c1873c60,0,0,2026-08-03T03:52:56.059+00:00
2026-08-13T08:15:14.997410+00:00,07c7735311,0,0,2026-08-05T01:02:38.847+00:00
2026-08-13T08:15:14.997410+00:00,082c59b383,0,0,2026-08-13T03:38:30.811+00:00
2026-08-13T08:15:14.997410+00:00,08843c4cb7,0,0,2026-08-11T18:58:04.266+00:00
2026-08-13T08:15:14.997410+00:00,08da9852ad,0,0,2026-08-10T15:27:13.113+00:00
2026-08-13T08:15:14.997410+00:00,094263d37f,0,0,2026-08-13T02:42:05.399+00:00
2026-08-13T08:15:14.997410+00:00,096e6c3bb2,0,0,2026-08-10T18:53:45.907+00:00
2026-08-13T08:15:14.997410+00:00,0985827e39,0,0,2026-08-10T06:29:52.469+00:00
2026-08-13T08:15:14.997410+00:00,0a04a3273b,0,0,2026-08-08T19:26:36.761+00:00
2026-08-13T08:15:14.997410+00:00,0a494dd70b,0,0,2026-08-03T12:50:21.765+00:00
2026-08-13T08:15:14.997410+00:00,0aba93e035,0,0,2026-08-03T20:14:39.486+00:00
2026-08-13T08:15:14.997410+00:00,0abbdc6c02,0,0,2026-08-12T04:27:17.95+00:00
2026-08-13T08:15:14.997410+00:00,0aff4b2a42,0,0,2026-08-09T05:23:32.276+00:00
2026-08-13T08:15:14.997410+00:00,0b5ac31044,0,0,2026-08-09T18:00:33.402+00:00
2026-08-13T08:15:14.997410+00:00,0b9805bdd8,0,0,2026-08-11T04:24:36.984+00:00
2026-08-13T08:15:14.997410+00:00,0bc34b090b,0,0,2026-08-12T10:06:44.827+00:00
2026-08-13T08:15:14.997410+00:00,0c2f136ad4,0,0,2026-08-06T11:00:33.425+00:00
2026-08-13T08:15:14.997410+00:00,0c4424d5f7,0,0,2026-08-03T09:01:50.051+00:00
2026-08-13T08:15:14.997410+00:00,0c5129a8b7,0,0,2026-08-10T03:36:32.925+00:00
2026-08-13T08:15:14.997410+00:00,0c5b0651cb,0,0,2026-08-12T00:07:54.179+00:00
2026-08-13T08:15:14.997410+00:00,0ca5e0571f,0,0,2026-08-07T23:07:42.103+00:00
2026-08-13T08:15:14.997410+00:00,0cb3ae02b4,0,0,2026-08-09T14:03:50.484+00:00
2026-08-13T08:15:14.997410+00:00,0d0603a589,0,0,2026-07-31T16:11:58.999+00:00
2026-08-13T08:15:14.997410+00:00,0d0cb32182,0,0,2026-08-10T12:22:31.515+00:00
2026-08-13T08:15:14.997410+00:00,0d30efe9fb,0,0,2026-08-10T15:57:06.059+00:00
2026-08-13T08:15:14.997410+00:00,0d489094d4,0,0,2026-08-11T21:09:53.65+00:00
2026-08-13T08:15:14.997410+00:00,0d6e83fc9d,0,0,2026-07-15T17:39:54.232+00:00
2026-08-13T08:15:14.997410+00:00,0e8998e38f,0,0,2026-08-09T16:33:11.075+00:00
2026-08-13T08:15:14.997410+00:00,0ea93e46fa,0,0,2026-08-03T14:07:48.375+00:00
2026-08-13T08:15:14.997410+00:00,0f27bcab53,0,0,2026-08-05T01:36:59.878+00:00
2026-08-13T08:15:14.997410+00:00,0f2b9d738f,0,0,2026-08-12T22:54:43.615+00:00
2026-08-13T08:15:14.997410+00:00,0f3800af0f,0,0,2026-08-13T05:32:28.056+00:00
2026-08-13T08:15:14.997410+00:00,0f7aaf0dee,0,0,2026-08-11T20:13:45.287+00:00
2026-08-13T08:15:14.997410+00:00,0f867a5ea7,0,0,2026-08-06T13:08:43.76+00:00
2026-08-13T08:15:14.997410+00:00,10a304039a,0,0,2026-08-10T13:38:54.081+00:00
2026-08-13T08:15:14.997410+00:00,10cc56d03f,0,0,2026-08-08T22:33:24.351+00:00
2026-08-13T08:15:14.997410+00:00,10fb79f224,0,0,2026-08-12T12:10:16.745+00:00
2026-08-13T08:15:14.997410+00:00,11d0b19365,0,0,2026-08-09T21:21:01.423+00:00
2026-08-13T08:15:14.997410+00:00,11e92e312b,0,0,2026-08-10T03:44:11.403+00:00
2026-08-13T08:15:14.997410+00:00,1204a25881,0,0,2026-08-07T05:34:49.841+00:00
2026-08-13T08:15:14.997410+00:00,124207d2e1,0,0,2026-08-08T09:39:27.522+00:00
2026-08-13T08:15:14.997410+00:00,12635cb105,0,0,2026-08-06T07:10:41.091+00:00
2026-08-13T08:15:14.997410+00:00,12805bb7ce,0,0,2026-08-04T10:53:46.079+00:00
2026-08-13T08:15:14.997410+00:00,12abe32f8c,0,0,2026-08-10T17:53:25.724+00:00
2026-08-13T08:15:14.997410+00:00,12b9d8a34a,0,0,2026-08-12T23:19:47.506+00:00
2026-08-13T08:15:14.997410+00:00,12c3a3b003,0,0,2026-08-09T14:26:45.944+00:00
2026-08-13T08:15:14.997410+00:00,12f100fe9b,0,0,2026-08-12T22:27:33.922+00:00
2026-08-13T08:15:14.997410+00:00,132545fca7,0,0,2026-08-11T22:23:37.06+00:00
2026-08-13T08:15:14.997410+00:00,1327d479fc,0,0,2026-07-15T00:13:07.123+00:00
2026-08-13T08:15:14.997410+00:00,1359915843,0,0,2026-08-08T19:15:01.309+00:00
2026-08-13T08:15:14.997410+00:00,136d6b8a6e,0,0,2026-08-12T05:33:14.084+00:00
2026-08-13T08:15:14.997410+00:00,13b5fdfa20,0,0,2026-08-12T17:19:36.91+00:00
2026-08-13T08:15:14.997410+00:00,13f66d20fa,0,0,2026-08-13T04:40:44.302+00:00
2026-08-13T08:15:14.997410+00:00,148ac351c4,0,0,2026-08-11T16:43:02.225+00:00
2026-08-13T08:15:14.997410+00:00,150348a7e5,0,0,2026-08-06T07:25:33.734+00:00
2026-08-13T08:15:14.997410+00:00,151a2c970d,0,0,2026-08-13T04:39:08.711+00:00
2026-08-13T08:15:14.997410+00:00,15245db56c,0,0,2026-08-10T00:50:14.94+00:00
2026-08-13T08:15:14.997410+00:00,1541055250,0,0,2026-08-10T07:28:22.077+00:00
2026-08-13T08:15:14.997410+00:00,1542b39bfb,0,0,2026-08-12T12:22:02.547+00:00
2026-08-13T08:15:14.997410+00:00,160230fd47,0,0,2026-08-02T18:54:16.464+00:00
2026-08-13T08:15:14.997410+00:00,166889100c,0,0,2026-08-12T00:49:16.1+00:00
2026-08-13T08:15:14.997410+00:00,1681b39789,0,0,2026-08-11T02:21:34.878+00:00
2026-08-13T08:15:14.997410+00:00,16d35890e0,0,0,2026-08-12T22:13:34.286+00:00
2026-08-13T08:15:14.997410+00:00,1709ab1fbc,0,0,2026-08-10T02:27:52.681+00:00
2026-08-13T08:15:14.997410+00:00,1779de6ae7,0,0,2026-08-13T07:17:50.369+00:00
2026-08-13T08:15:14.997410+00:00,178581e367,0,0,2026-08-06T03:02:16.754+00:00
2026-08-13T08:15:14.997410+00:00,17e4a2b7e2,0,0,2026-08-12T16:45:14.749+00:00
2026-08-13T08:15:14.997410+00:00,18518eeb6a,0,0,2026-08-13T03:46:43.521+00:00
2026-08-13T08:15:14.997410+00:00,189e636979,0,0,2026-08-13T03:16:52.405+00:00
2026-08-13T08:15:14.997410+00:00,18e2848966,0,0,2026-08-11T08:17:51.294+00:00
2026-08-13T08:15:14.997410+00:00,193b16220e,0,0,2026-08-03T16:04:31.051+00:00
2026-08-13T08:15:14.997410+00:00,1955a06601,0,0,2026-08-05T23:35:03.264+00:00
2026-08-13T08:15:14.997410+00:00,198e40be2f,0,0,2026-08-12T05:42:12.383+00:00
2026-08-13T08:15:14.997410+00:00,199f24fa08,0,0,2026-08-11T04:11:00.853+00:00
2026-08-13T08:15:14.997410+00:00,1ab3c1e304,0,0,2026-08-13T00:17:36.74+00:00
2026-08-13T08:15:14.997410+00:00,1ac5a00b27,0,0,2026-08-12T12:03:09.27+00:00
2026-08-13T08:15:14.997410+00:00,1b06b90e8d,0,0,2026-08-06T08:32:48.727+00:00
2026-08-13T08:15:14.997410+00:00,1bd4dd8879,0,0,2026-08-11T01:29:05.399+00:00
2026-08-13T08:15:14.997410+00:00,1bee66f900,0,0,2026-08-06T07:53:24.247+00:00
2026-08-13T08:15:14.997410+00:00,1c4819b6f0,0,0,2026-08-13T07:43:01.278+00:00
2026-08-13T08:15:14.997410+00:00,1c8862dbbb,0,0,2026-08-05T05:10:13.778+00:00
2026-08-13T08:15:14.997410+00:00,1c9f6f2b21,0,0,2026-07-27T16:26:57.436+00:00
2026-08-13T08:15:14.997410+00:00,1ce69a3fe3,0,0,2026-08-08T20:44:07.324+00:00
2026-08-13T08:15:14.997410+00:00,1d4807fa65,0,0,2026-08-05T18:46:48.688+00:00
2026-08-13T08:15:14.997410+00:00,1db6340e7c,0,0,2026-08-03T04:52:31.87+00:00
2026-08-13T08:15:14.997410+00:00,1dde3828a8,0,0,2026-08-11T04:25:35.577+00:00
2026-08-13T08:15:14.997410+00:00,1df74f546a,0,0,2026-08-03T10:39:53.592+00:00
2026-08-13T08:15:14.997410+00:00,1ea3a129d6,0,0,2026-08-09T22:05:33.151+00:00
2026-08-13T08:15:14.997410+00:00,1ebd038a90,0,0,2026-08-05T14:26:02.128+00:00
2026-08-13T08:15:14.997410+00:00,1ebfcb2828,0,0,2026-08-01T15:25:23.777+00:00
2026-08-13T08:15:14.997410+00:00,1eebb7512c,0,0,2026-08-03T22:03:12.732+00:00
2026-08-13T08:15:14.997410+00:00,1f4d263192,0,0,2026-07-31T12:25:33.629+00:00
2026-08-13T08:15:14.997410+00:00,1f5844b78a,0,0,2026-08-11T03:38:27.997+00:00
2026-08-13T08:15:14.997410+00:00,1f5c90f758,0,0,2026-08-06T08:10:11.612+00:00
2026-08-13T08:15:14.997410+00:00,1f6fe5ebf0,0,0,2026-08-11T11:41:35.558+00:00
2026-08-13T08:15:14.997410+00:00,1fae1d1b91,0,0,2026-08-02T16:01:53.223+00:00
2026-08-13T08:15:14.997410+00:00,1fbaa8f507,0,0,2026-08-07T01:35:52.712+00:00
2026-08-13T08:15:14.997410+00:00,1fcd30ccd0,0,0,2026-08-05T23:17:59.105+00:00
2026-08-13T08:15:14.997410+00:00,2006bc7d9d,0,0,2026-08-11T23:45:09.962+00:00
2026-08-13T08:15:14.997410+00:00,202da79049,0,0,2026-08-05T08:49:50.525+00:00
2026-08-13T08:15:14.997410+00:00,2047b4b0e3,0,0,2026-08-13T00:05:17.525+00:00
2026-08-13T08:15:14.997410+00:00,2054926804,0,0,2026-08-06T15:52:49.356+00:00
2026-08-13T08:15:14.997410+00:00,208c70620a,0,0,2026-08-09T01:01:50.639+00:00
2026-08-13T08:15:14.997410+00:00,2145c45fe3,0,0,2026-08-08T20:44:06.315+00:00
2026-08-13T08:15:14.997410+00:00,2197be9d2d,0,0,2026-07-25T21:11:02.722+00:00
2026-08-13T08:15:14.997410+00:00,21b8036f14,0,0,2026-08-12T01:12:39.362+00:00
2026-08-13T08:15:14.997410+00:00,224cfbb872,0,0,2026-08-10T00:02:53.704+00:00
2026-08-13T08:15:14.997410+00:00,2255265502,0,0,2026-08-08T15:31:20.677+00:00
2026-08-13T08:15:14.997410+00:00,2266be4b7c,0,0,2026-08-06T03:01:08.025+00:00
2026-08-13T08:15:14.997410+00:00,22f936d058,0,0,2026-08-12T15:25:35.116+00:00
2026-08-13T08:15:14.997410+00:00,232b41a817,0,0,2026-08-11T03:33:16.765+00:00
2026-08-13T08:15:14.997410+00:00,238c86675d,0,0,2026-08-09T01:32:17.405+00:00
2026-08-13T08:15:14.997410+00:00,23a4266f65,0,0,2026-08-10T22:27:27.58+00:00
2026-08-13T08:15:14.997410+00:00,23f77ef1e5,0,0,2026-08-03T20:03:03.105+00:00
2026-08-13T08:15:14.997410+00:00,23f95ed99a,0,0,2026-08-03T05:15:47.091+00:00
2026-08-13T08:15:14.997410+00:00,242c0b6256,0,0,2026-08-09T03:49:59.22+00:00
2026-08-13T08:15:14.997410+00:00,248addc3fa,0,0,2026-08-13T03:29:45.43+00:00
2026-08-13T08:15:14.997410+00:00,24c2070acb,0,0,2026-08-04T01:03:49.015+00:00
2026-08-13T08:15:14.997410+00:00,24c6db2408,0,0,2026-08-03T12:42:34.824+00:00
2026-08-13T08:15:14.997410+00:00,252b2a53f1,0,0,2026-08-09T06:28:27.601+00:00
2026-08-13T08:15:14.997410+00:00,2561395fd1,0,0,2026-08-04T03:17:10.102+00:00
2026-08-13T08:15:14.997410+00:00,25a4cfe94c,0,0,2026-08-10T04:26:34.352+00:00
2026-08-13T08:15:14.997410+00:00,25bcaa3c2c,0,0,2026-08-10T18:46:38.157+00:00
2026-08-13T08:15:14.997410+00:00,25e33c6777,0,0,2026-08-11T01:56:31.162+00:00
2026-08-13T08:15:14.997410+00:00,25e9a6c8d8,0,0,2026-08-08T09:39:37.17+00:00
2026-08-13T08:15:14.997410+00:00,25f5ad8d1c,0,0,2026-08-10T22:01:28.229+00:00
2026-08-13T08:15:14.997410+00:00,263b6ad33e,0,0,2026-08-08T02:18:41.122+00:00
2026-08-13T08:15:14.997410+00:00,26d01c063b,0,0,2026-08-10T20:51:27.846+00:00
2026-08-13T08:15:14.997410+00:00,26f17d021a,0,0,2026-07-31T02:35:22.813+00:00
2026-08-13T08:15:14.997410+00:00,270056a5f9,0,0,2026-08-02T07:32:04.152+00:00
2026-08-13T08:15:14.997410+00:00,272bebdc72,0,0,2026-08-05T00:48:58.156+00:00
2026-08-13T08:15:14.997410+00:00,2838cc9619,0,0,2026-08-11T22:48:55.604+00:00
2026-08-13T08:15:14.997410+00:00,2840b6a601,0,0,2026-08-11T03:46:49.5+00:00
2026-08-13T08:15:14.997410+00:00,287dc6b49a,0,0,2026-08-07T05:54:22.811+00:00
2026-08-13T08:15:14.997410+00:00,28839769b0,0,0,2026-08-04T03:47:29.899+00:00
2026-08-13T08:15:14.997410+00:00,290f5f30be,0,0,2026-08-05T22:56:31.636+00:00
2026-08-13T08:15:14.997410+00:00,294b301fd7,0,0,2026-08-11T18:53:31.896+00:00
2026-08-13T08:15:14.997410+00:00,29758f517f,0,0,2026-08-10T00:56:45.699+00:00
2026-08-13T08:15:14.997410+00:00,2991ed2fae,0,0,2026-07-24T18:33:26.732+00:00
2026-08-13T08:15:14.997410+00:00,29abbef718,0,0,2026-08-07T19:22:09.965+00:00
2026-08-13T08:15:14.997410+00:00,29cf85116a,0,0,2026-08-09T05:12:38.935+00:00
2026-08-13T08:15:14.997410+00:00,2a30d602d7,0,0,2026-08-08T23:17:32.736+00:00
2026-08-13T08:15:14.997410+00:00,2a37835cf4,0,0,2026-08-03T23:12:59.183+00:00
2026-08-13T08:15:14.997410+00:00,2affc2a5b8,0,0,2026-08-09T21:00:31.503+00:00
2026-08-13T08:15:14.997410+00:00,2b194945fe,0,0,2026-08-08T22:12:20.291+00:00
2026-08-13T08:15:14.997410+00:00,2b22c3ddb0,0,0,2026-08-10T19:47:51.57+00:00
2026-08-13T08:15:14.997410+00:00,2b4cb749bf,0,0,2026-08-11T08:27:36.22+00:00
2026-08-13T08:15:14.997410+00:00,2b4cd0c394,0,0,2026-08-06T09:43:38.929+00:00
2026-08-13T08:15:14.997410+00:00,2b5ba471a1,0,0,2026-08-05T15:42:04.021+00:00
2026-08-13T08:15:14.997410+00:00,2b7e4b1c6e,0,0,2026-08-12T05:24:30.55+00:00
2026-08-13T08:15:14.997410+00:00,2bf9931f92,0,0,2026-08-04T17:20:02.832+00:00
2026-08-13T08:15:14.997410+00:00,2c10693791,0,0,2026-08-10T13:16:51.976+00:00
2026-08-13T08:15:14.997410+00:00,2cb40b6728,0,0,2026-08-05T03:09:27.201+00:00
2026-08-13T08:15:14.997410+00:00,2cccc5969a,0,0,2026-08-01T19:10:44.144+00:00
2026-08-13T08:15:14.997410+00:00,2d0a4ab516,0,0,2026-08-10T01:46:36.651+00:00
2026-08-13T08:15:14.997410+00:00,2d31114c5d,0,0,2026-08-12T12:48:44.117+00:00
2026-08-13T08:15:14.997410+00:00,2d753b1a81,0,0,2026-08-05T05:55:25.479+00:00
2026-08-13T08:15:14.997410+00:00,2d85a56c89,0,0,2026-08-06T05:39:38.592+00:00
2026-08-13T08:15:14.997410+00:00,2db8da80be,0,0,2026-08-06T23:41:33.783+00:00
2026-08-13T08:15:14.997410+00:00,2dcb38f290,0,0,2026-08-12T04:40:47.236+00:00
2026-08-13T08:15:14.997410+00:00,2dfab8a8f3,0,0,2026-08-06T03:45:03.857+00:00
2026-08-13T08:15:14.997410+00:00,2e5390d3bf,0,0,2026-08-05T21:43:47.853+00:00
2026-08-13T08:15:14.997410+00:00,2e55026923,0,0,2026-08-12T15:50:15.601+00:00
2026-08-13T08:15:14.997410+00:00,2e666db779,0,0,2026-08-04T17:14:02.103+00:00
2026-08-13T08:15:14.997410+00:00,2eb7b045cb,0,0,2026-08-08T11:47:10.002+00:00
2026-08-13T08:15:14.997410+00:00,2fa2093aa9,0,0,2026-08-11T23:55:54.207+00:00
2026-08-13T08:15:14.997410+00:00,30b258323e,0,0,2026-08-05T02:30:42.832+00:00
2026-08-13T08:15:14.997410+00:00,30bcecfef9,0,0,2026-08-07T15:36:19.921+00:00
2026-08-13T08:15:14.997410+00:00,30c831f2ca,0,0,2026-08-04T19:08:29.433+00:00
2026-08-13T08:15:14.997410+00:00,30e7aa4a4b,0,0,2026-08-05T12:39:09.463+00:00
2026-08-13T08:15:14.997410+00:00,31010b7876,0,0,2026-08-04T01:03:49.714+00:00
2026-08-13T08:15:14.997410+00:00,316411ad8d,0,0,2026-08-08T12:39:08.971+00:00
2026-08-13T08:15:14.997410+00:00,3187e51b26,0,0,2026-08-04T03:34:28.992+00:00
2026-08-13T08:15:14.997410+00:00,322417967f,0,0,2026-08-11T01:38:02.846+00:00
2026-08-13T08:15:14.997410+00:00,332feb1547,0,0,2026-08-05T18:34:51.055+00:00
2026-08-13T08:15:14.997410+00:00,336bba9b23,0,0,2026-08-12T17:53:38.089+00:00
2026-08-13T08:15:14.997410+00:00,336f53d93b,0,0,2026-08-12T10:19:16.148+00:00
2026-08-13T08:15:14.997410+00:00,339a3eda43,0,0,2026-08-10T23:40:57.828+00:00
2026-08-13T08:15:14.997410+00:00,33a84372f3,0,0,2026-08-11T07:28:27.764+00:00
2026-08-13T08:15:14.997410+00:00,345ad900f5,0,0,2026-08-08T02:54:48.996+00:00
2026-08-13T08:15:14.997410+00:00,34620b3589,0,0,2026-08-06T17:10:15.893+00:00
2026-08-13T08:15:14.997410+00:00,3472de8aff,0,0,2026-08-12T06:10:31.697+00:00
2026-08-13T08:15:14.997410+00:00,35d6668305,0,0,2026-08-07T12:11:06.046+00:00
2026-08-13T08:15:14.997410+00:00,361714bfe7,0,0,2026-08-10T16:42:38.702+00:00
2026-08-13T08:15:14.997410+00:00,3624217708,0,0,2026-08-07T23:33:34.382+00:00
2026-08-13T08:15:14.997410+00:00,3649633627,0,0,2026-08-09T05:53:05.125+00:00
2026-08-13T08:15:14.997410+00:00,3675b34af6,0,0,2026-08-07T22:24:41.656+00:00
2026-08-13T08:15:14.997410+00:00,36d0653575,0,0,2026-08-11T10:15:57.851+00:00
2026-08-13T08:15:14.997410+00:00,3801e15713,0,0,2026-08-08T13:09:26.006+00:00
2026-08-13T08:15:14.997410+00:00,3833b2d12d,0,0,2026-08-06T01:59:38.203+00:00
2026-08-13T08:15:14.997410+00:00,38b4ca0fc7,0,0,2026-08-10T02:12:12.354+00:00
2026-08-13T08:15:14.997410+00:00,38f104bd68,0,0,2026-08-09T04:31:02.88+00:00
2026-08-13T08:15:14.997410+00:00,38f964c89d,0,0,2026-08-09T14:21:48.909+00:00
2026-08-13T08:15:14.997410+00:00,3923bf4b22,0,0,2026-08-08T17:10:01.301+00:00
2026-08-13T08:15:14.997410+00:00,392ae46a99,0,0,2026-08-10T17:14:34.403+00:00
2026-08-13T08:15:14.997410+00:00,39890e1e93,0,0,2026-08-10T14:28:53.625+00:00
2026-08-13T08:15:14.997410+00:00,3a1bb27903,0,0,2026-08-11T22:59:28.99+00:00
2026-08-13T08:15:14.997410+00:00,3a3201783b,0,0,2026-08-12T23:49:21.952+00:00
2026-08-13T08:15:14.997410+00:00,3a62aa2cce,0,0,2026-08-11T10:16:58.314+00:00
2026-08-13T08:15:14.997410+00:00,3a693eaee7,0,0,2026-07-27T19:46:39.607+00:00
2026-08-13T08:15:14.997410+00:00,3a7dc45c3c,0,0,2026-08-10T21:49:07.164+00:00
2026-08-13T08:15:14.997410+00:00,3ac970841b,0,0,2026-08-10T18:30:34.896+00:00
2026-08-13T08:15:14.997410+00:00,3ad5d95e48,0,0,2026-08-13T03:29:47.604+00:00
2026-08-13T08:15:14.997410+00:00,3af3ae8312,0,0,2026-08-12T12:44:54.253+00:00
2026-08-13T08:15:14.997410+00:00,3bc7a362cc,0,0,2026-08-04T14:02:09.027+00:00
2026-08-13T08:15:14.997410+00:00,3be61bf22e,0,0,2026-08-11T08:19:35.98+00:00
2026-08-13T08:15:14.997410+00:00,3c050fccd3,0,0,2026-08-06T15:20:14.658+00:00
2026-08-13T08:15:14.997410+00:00,3ca1ef4095,0,0,2026-08-05T10:20:11.808+00:00
2026-08-13T08:15:14.997410+00:00,3cf56d2c69,0,0,2026-08-12T15:02:14.234+00:00
2026-08-13T08:15:14.997410+00:00,3cf5e99430,0,0,2026-08-10T13:20:12.942+00:00
2026-08-13T08:15:14.997410+00:00,3cf6c933a0,0,0,2026-08-08T20:43:57.065+00:00
2026-08-13T08:15:14.997410+00:00,3cfbe83158,0,0,2026-08-07T02:32:18.808+00:00
2026-08-13T08:15:14.997410+00:00,3d5d8edabf,0,0,2026-08-09T02:08:48.84+00:00
2026-08-13T08:15:14.997410+00:00,3d88048206,0,0,2026-08-12T21:38:20.922+00:00
2026-08-13T08:15:14.997410+00:00,3dee5c7993,0,0,2026-08-04T11:53:25.389+00:00
2026-08-13T08:15:14.997410+00:00,3e64a4f36b,0,0,2026-08-10T23:21:44.564+00:00
2026-08-13T08:15:14.997410+00:00,3eb3a7e6f0,0,0,2026-08-12T03:14:24.467+00:00
2026-08-13T08:15:14.997410+00:00,3ef7a99590,0,0,2026-08-10T14:13:04.243+00:00
2026-08-13T08:15:14.997410+00:00,3f8dc26b48,0,0,2026-08-04T18:31:26.882+00:00
2026-08-13T08:15:14.997410+00:00,3fef535a2b,0,0,2026-08-07T15:05:00.21+00:00
2026-08-13T08:15:14.997410+00:00,3fefc0138f,0,0,2026-08-13T02:20:52.336+00:00
2026-08-13T08:15:14.997410+00:00,400aee677d,0,0,2026-08-11T02:54:56.478+00:00
2026-08-13T08:15:14.997410+00:00,401574ce6b,0,0,2026-08-03T03:54:57.427+00:00
2026-08-13T08:15:14.997410+00:00,40d2f9abc1,0,0,2026-08-09T06:11:13.498+00:00
2026-08-13T08:15:14.997410+00:00,40d8832cba,0,0,2026-08-04T18:06:31.086+00:00
2026-08-13T08:15:14.997410+00:00,40eb41636c,0,0,2026-08-08T16:42:17.84+00:00
2026-08-13T08:15:14.997410+00:00,4120caf0ca,0,0,2026-08-12T19:56:28.668+00:00
2026-08-13T08:15:14.997410+00:00,4131b53f34,0,0,2026-08-11T06:50:14.147+00:00
2026-08-13T08:15:14.997410+00:00,4263c39984,0,0,2026-08-12T05:39:05.654+00:00
2026-08-13T08:15:14.997410+00:00,42869c715e,0,0,2026-08-03T23:35:03.678+00:00
2026-08-13T08:15:14.997410+00:00,4315574b7b,0,0,2026-08-06T06:46:11.628+00:00
2026-08-13T08:15:14.997410+00:00,4320ee3fd8,0,0,2026-08-10T03:11:41.124+00:00
2026-08-13T08:15:14.997410+00:00,43731490b5,0,0,2026-08-07T02:40:32.437+00:00
2026-08-13T08:15:14.997410+00:00,43cfde1b03,0,0,2026-08-07T02:29:40.83+00:00
2026-08-13T08:15:14.997410+00:00,444f172460,0,0,2026-07-17T23:10:42.944+00:00
2026-08-13T08:15:14.997410+00:00,44e9c80c1b,0,0,2026-08-05T13:54:38.842+00:00
2026-08-13T08:15:14.997410+00:00,450ea693f1,0,0,2026-08-12T21:11:22.307+00:00
2026-08-13T08:15:14.997410+00:00,4523987d94,0,0,2026-08-05T03:53:10.891+00:00
2026-08-13T08:15:14.997410+00:00,454fef4ce0,0,0,2026-08-07T15:05:02.674+00:00
2026-08-13T08:15:14.997410+00:00,456946ebed,0,0,2026-08-07T04:11:32.987+00:00
2026-08-13T08:15:14.997410+00:00,45d6a93442,0,0,2026-08-07T06:33:51.494+00:00
2026-08-13T08:15:14.997410+00:00,467b29e89f,0,0,2026-08-05T19:51:48.379+00:00
2026-08-13T08:15:14.997410+00:00,4681919340,0,0,2026-08-11T16:44:07.789+00:00
2026-08-13T08:15:14.997410+00:00,46a3cd5272,0,0,2026-08-11T02:02:12.866+00:00
2026-08-13T08:15:14.997410+00:00,46eaa4146d,0,0,2026-08-11T19:11:54.233+00:00
2026-08-13T08:15:14.997410+00:00,4704951715,0,0,2026-08-11T21:34:38.268+00:00
2026-08-13T08:15:14.997410+00:00,478620cbcc,0,0,2026-08-09T22:59:59.363+00:00
2026-08-13T08:15:14.997410+00:00,47f72f714c,0,0,2026-08-12T04:52:09.845+00:00
2026-08-13T08:15:14.997410+00:00,490033ac87,0,0,2026-08-12T23:23:25.803+00:00
2026-08-13T08:15:14.997410+00:00,492b99e59d,0,0,2026-08-07T06:36:02.908+00:00
2026-08-13T08:15:14.997410+00:00,493d8439da,0,0,2026-08-08T14:18:45.994+00:00
2026-08-13T08:15:14.997410+00:00,498223cc99,0,0,2026-08-04T15:03:10.909+00:00
2026-08-13T08:15:14.997410+00:00,49d76d4426,0,0,2026-08-06T22:26:15.56+00:00
2026-08-13T08:15:14.997410+00:00,49f5f090b3,0,0,2026-08-11T04:59:34.3+00:00
2026-08-13T08:15:14.997410+00:00,4a922d344a,0,0,2026-08-12T16:51:25.032+00:00
2026-08-13T08:15:14.997410+00:00,4added6da1,0,0,2026-08-08T21:31:38.827+00:00
2026-08-13T08:15:14.997410+00:00,4b0cec2eba,0,0,2026-08-05T00:35:26.933+00:00
2026-08-13T08:15:14.997410+00:00,4b66a7e137,0,0,2026-08-08T21:43:47.827+00:00
2026-08-13T08:15:14.997410+00:00,4b8d84794b,0,0,2026-08-09T14:58:51.448+00:00
2026-08-13T08:15:14.997410+00:00,4ba295b983,0,0,2026-08-13T06:30:29.176+00:00
2026-08-13T08:15:14.997410+00:00,4be3743faa,0,0,2026-08-13T01:41:15.035+00:00
2026-08-13T08:15:14.997410+00:00,4ce65e4a15,0,0,2026-08-09T01:22:09.986+00:00
2026-08-13T08:15:14.997410+00:00,4cf63439d2,0,0,2026-08-07T08:59:51.981+00:00
2026-08-13T08:15:14.997410+00:00,4dbff50dcd,0,0,2026-08-03T05:05:48.823+00:00
2026-08-13T08:15:14.997410+00:00,4df459984f,0,0,2026-08-07T15:09:22.781+00:00
2026-08-13T08:15:14.997410+00:00,4ecf4aa373,0,0,2026-08-11T08:35:43.497+00:00
2026-08-13T08:15:14.997410+00:00,4ed8c42056,0,0,2026-08-11T13:54:32.793+00:00
2026-08-13T08:15:14.997410+00:00,4f8f875ec4,0,0,2026-08-12T12:00:33.678+00:00
2026-08-13T08:15:14.997410+00:00,4ff4ea5929,0,0,2026-08-07T14:22:21.334+00:00
2026-08-13T08:15:14.997410+00:00,50a0a0ab34,0,0,2026-08-10T00:54:21.639+00:00
2026-08-13T08:15:14.997410+00:00,50e0ea10f8,0,0,2026-07-17T02:15:44.624+00:00
2026-08-13T08:15:14.997410+00:00,5106f3a77f,0,0,2026-08-12T01:13:01.474+00:00
2026-08-13T08:15:14.997410+00:00,511f0ca499,0,0,2026-08-09T22:55:16.66+00:00
2026-08-13T08:15:14.997410+00:00,512ee06c2f,0,0,2026-08-03T13:11:48.755+00:00
2026-08-13T08:15:14.997410+00:00,51589d4e42,0,0,2026-08-08T05:00:43.587+00:00
2026-08-13T08:15:14.997410+00:00,5176373012,0,0,2026-08-04T21:39:32.971+00:00
2026-08-13T08:15:14.997410+00:00,51f1e908b9,0,0,2026-07-31T11:47:27.743+00:00
2026-08-13T08:15:14.997410+00:00,52029188da,0,0,2026-08-12T12:44:25.237+00:00
2026-08-13T08:15:14.997410+00:00,52549b20e9,0,0,2026-08-10T13:26:47.711+00:00
2026-08-13T08:15:14.997410+00:00,5260c6bd20,0,0,2026-08-05T23:18:51.79+00:00
2026-08-13T08:15:14.997410+00:00,5292cbc4e1,0,0,2026-08-02T00:59:05.9+00:00
2026-08-13T08:15:14.997410+00:00,52d738ebc5,0,0,2026-08-11T03:16:32.634+00:00
2026-08-13T08:15:14.997410+00:00,534df1680c,0,0,2026-08-09T19:42:32.052+00:00
2026-08-13T08:15:14.997410+00:00,534e2c1365,0,0,2026-08-04T15:08:21.782+00:00
2026-08-13T08:15:14.997410+00:00,5363461f9e,0,0,2026-08-12T09:54:26.514+00:00
2026-08-13T08:15:14.997410+00:00,53c3dac019,0,0,2026-08-12T13:51:23.347+00:00
2026-08-13T08:15:14.997410+00:00,53cb4382bd,0,0,2026-08-09T21:20:16.796+00:00
2026-08-13T08:15:14.997410+00:00,53d2f1b039,0,0,2026-08-03T14:41:50.552+00:00
2026-08-13T08:15:14.997410+00:00,53d42ff27f,0,0,2026-08-07T03:06:42.094+00:00
2026-08-13T08:15:14.997410+00:00,53e6245db8,0,0,2026-08-05T19:03:26.981+00:00
2026-08-13T08:15:14.997410+00:00,540d9e1d55,0,0,2026-08-10T15:21:30.428+00:00
2026-08-13T08:15:14.997410+00:00,546a1e82f9,0,0,2026-08-06T03:10:58.685+00:00
2026-08-13T08:15:14.997410+00:00,5475d4e727,0,0,2026-08-04T01:55:44.697+00:00
2026-08-13T08:15:14.997410+00:00,548133e8f1,0,0,2026-08-11T09:54:13.393+00:00
2026-08-13T08:15:14.997410+00:00,54bb0e9dbc,0,0,2026-08-11T15:04:40.517+00:00
2026-08-13T08:15:14.997410+00:00,54e2859392,0,0,2026-08-12T03:25:27.642+00:00
2026-08-13T08:15:14.997410+00:00,54e66ed095,0,0,2026-08-11T23:08:55.845+00:00
2026-08-13T08:15:14.997410+00:00,5546f5333f,0,0,2026-08-06T07:41:51.663+00:00
2026-08-13T08:15:14.997410+00:00,55a9ac9281,0,0,2026-08-13T02:51:48.862+00:00
2026-08-13T08:15:14.997410+00:00,55b8bc010d,0,0,2026-08-06T22:27:38.628+00:00
2026-08-13T08:15:14.997410+00:00,55c56168c8,0,0,2026-08-03T06:13:46.562+00:00
2026-08-13T08:15:14.997410+00:00,55c7260f80,0,0,2026-07-31T08:34:18.441+00:00
2026-08-13T08:15:14.997410+00:00,55cb9761d1,0,0,2026-08-03T05:24:03.326+00:00
2026-08-13T08:15:14.997410+00:00,55dfe56dee,0,0,2026-08-04T02:18:34.105+00:00
2026-08-13T08:15:14.997410+00:00,5658becf8d,0,0,2026-08-12T20:23:23.778+00:00
2026-08-13T08:15:14.997410+00:00,56eb1f0122,0,0,2026-08-08T14:20:40.571+00:00
2026-08-13T08:15:14.997410+00:00,56f138625c,0,0,2026-08-08T21:49:03.999+00:00
2026-08-13T08:15:14.997410+00:00,56fb5dbab0,0,0,2026-08-04T02:45:23.366+00:00
2026-08-13T08:15:14.997410+00:00,573541edb9,0,0,2026-08-04T16:10:32.819+00:00
2026-08-13T08:15:14.997410+00:00,57eca558b6,0,0,2026-08-09T23:25:43.55+00:00
2026-08-13T08:15:14.997410+00:00,57f7db2782,0,0,2026-08-10T16:35:57.352+00:00
2026-08-13T08:15:14.997410+00:00,58430d9b9e,0,0,2026-08-10T12:15:51.928+00:00
2026-08-13T08:15:14.997410+00:00,5897d07388,0,0,2026-08-09T16:27:07.06+00:00
2026-08-13T08:15:14.997410+00:00,58dd1b632f,0,0,2026-08-12T03:10:50.162+00:00
2026-08-13T08:15:14.997410+00:00,590b4056fd,0,0,2026-08-02T15:25:17.189+00:00
2026-08-13T08:15:14.997410+00:00,590ce28118,0,0,2026-08-06T13:11:18.753+00:00
2026-08-13T08:15:14.997410+00:00,59240fedd7,0,0,2026-07-27T17:19:34.743+00:00
2026-08-13T08:15:14.997410+00:00,5957194a2d,0,0,2026-08-09T00:35:10.126+00:00
2026-08-13T08:15:14.997410+00:00,5a0ae8fe0f,0,0,2026-08-13T02:14:36.868+00:00
2026-08-13T08:15:14.997410+00:00,5a3f6d2563,0,0,2026-08-05T09:39:31.012+00:00
2026-08-13T08:15:14.997410+00:00,5a4678333d,0,0,2026-08-02T17:33:46.623+00:00
2026-08-13T08:15:14.997410+00:00,5a4e75d477,0,0,2026-08-04T02:40:05.765+00:00
2026-08-13T08:15:14.997410+00:00,5ab0ab98c7,0,0,2026-08-08T13:29:05.778+00:00
2026-08-13T08:15:14.997410+00:00,5ad2c219c6,0,0,2026-07-03T07:44:32.364167+00:00
2026-08-13T08:15:14.997410+00:00,5aed0f2f4a,0,0,2026-08-12T02:03:41.511+00:00
2026-08-13T08:15:14.997410+00:00,5af810bd3f,0,0,2026-08-09T15:55:47.666+00:00
2026-08-13T08:15:14.997410+00:00,5b1309f8f3,0,0,2026-08-06T17:32:46.632+00:00
2026-08-13T08:15:14.997410+00:00,5b3c91702a,0,0,2026-08-10T21:13:05.231+00:00
2026-08-13T08:15:14.997410+00:00,5babea2a27,0,0,2026-08-09T10:16:36.298+00:00
2026-08-13T08:15:14.997410+00:00,5bcf75bc30,0,0,2026-08-10T17:54:49.244+00:00
2026-08-13T08:15:14.997410+00:00,5c02a10fd6,0,0,2026-08-03T20:23:29.523+00:00
2026-08-13T08:15:14.997410+00:00,5c52338783,0,0,2026-08-08T04:36:07.739+00:00
2026-08-13T08:15:14.997410+00:00,5cb4a5985b,0,0,2026-08-12T03:44:14.322+00:00
2026-08-13T08:15:14.997410+00:00,5d49068917,0,0,2026-08-12T03:10:19.504+00:00
2026-08-13T08:15:14.997410+00:00,5d86ca8dcd,0,0,2026-08-11T03:14:59.232+00:00
2026-08-13T08:15:14.997410+00:00,5ddd81d28f,0,0,2026-08-09T04:45:57.529+00:00
2026-08-13T08:15:14.997410+00:00,5e1ec295d5,0,0,2026-08-06T02:31:49.934+00:00
2026-08-13T08:15:14.997410+00:00,5ecfd971d3,0,0,2026-08-11T04:42:27.402+00:00
2026-08-13T08:15:14.997410+00:00,5f47ade994,0,0,2026-08-12T03:10:52.005+00:00
2026-08-13T08:15:14.997410+00:00,5ffaaf3345,0,0,2026-08-03T16:04:34.747+00:00
2026-08-13T08:15:14.997410+00:00,5ffdc4fa69,0,0,2026-08-11T18:27:51.657+00:00
2026-08-13T08:15:14.997410+00:00,6019c7e235,0,0,2026-08-10T01:24:51.366+00:00
2026-08-13T08:15:14.997410+00:00,6038adae6f,0,0,2026-08-10T17:30:59.368+00:00
2026-08-13T08:15:14.997410+00:00,60500f5b50,0,0,2026-08-12T17:04:38.764+00:00
2026-08-13T08:15:14.997410+00:00,6054e4e866,0,0,2026-08-06T12:53:32.957+00:00
2026-08-13T08:15:14.997410+00:00,606ced2a63,0,0,2026-07-31T07:39:51.264+00:00
2026-08-13T08:15:14.997410+00:00,60b1a587b6,0,0,2026-08-08T15:35:08.828+00:00
2026-08-13T08:15:14.997410+00:00,60c048ab73,0,0,2026-08-06T14:46:33.327+00:00
2026-08-13T08:15:14.997410+00:00,61121101d3,0,0,2026-08-04T02:47:27.833+00:00
2026-08-13T08:15:14.997410+00:00,6135500409,0,0,2026-08-11T19:43:08.77+00:00
2026-08-13T08:15:14.997410+00:00,614a8ebb0a,0,0,2026-08-11T14:27:25.328+00:00
2026-08-13T08:15:14.997410+00:00,618086c05e,0,0,2026-08-07T14:42:40.972+00:00
2026-08-13T08:15:14.997410+00:00,61add7360a,0,0,2026-08-08T23:59:11.697+00:00
2026-08-13T08:15:14.997410+00:00,61bf73c681,0,0,2026-08-13T03:06:44.015+00:00
2026-08-13T08:15:14.997410+00:00,61c5326a6a,0,0,2026-08-12T01:21:18.362+00:00
2026-08-13T08:15:14.997410+00:00,61d7df8fce,0,0,2026-08-13T01:42:31.905+00:00
2026-08-13T08:15:14.997410+00:00,61da5bb091,0,0,2026-08-09T04:33:34.251+00:00
2026-08-13T08:15:14.997410+00:00,61e6faaf5e,0,0,2026-08-02T12:13:03.717+00:00
2026-08-13T08:15:14.997410+00:00,620d26eedf,0,0,2026-08-05T00:54:34.06+00:00
2026-08-13T08:15:14.997410+00:00,623a3babcc,0,0,2026-08-03T18:52:58.827+00:00
2026-08-13T08:15:14.997410+00:00,62779b7b0a,0,0,2026-08-05T10:24:42.442+00:00
2026-08-13T08:15:14.997410+00:00,629aef3987,0,0,2026-08-08T18:44:10.199+00:00
2026-08-13T08:15:14.997410+00:00,62c3f333d5,0,0,2026-08-13T05:29:45.619+00:00
2026-08-13T08:15:14.997410+00:00,62e8d19a6b,0,0,2026-08-09T06:14:10.126+00:00
2026-08-13T08:15:14.997410+00:00,63594378a8,0,0,2026-08-07T00:01:31.852+00:00
2026-08-13T08:15:14.997410+00:00,63b17b21a5,0,0,2026-08-05T00:41:49.771+00:00
2026-08-13T08:15:14.997410+00:00,63c8c23168,0,0,2026-08-08T11:00:14.512+00:00
2026-08-13T08:15:14.997410+00:00,63dbdc097b,0,0,2026-08-09T18:29:05.393+00:00
2026-08-13T08:15:14.997410+00:00,63df4e4305,0,0,2026-08-11T01:37:14.947+00:00
2026-08-13T08:15:14.997410+00:00,641b884758,0,0,2026-08-03T10:14:29.369+00:00
2026-08-13T08:15:14.997410+00:00,64e3bac7f9,0,0,2026-08-06T01:56:23.456+00:00
2026-08-13T08:15:14.997410+00:00,650daab62b,0,0,2026-08-01T21:21:07.186+00:00
2026-08-13T08:15:14.997410+00:00,652df90820,0,0,2026-08-03T21:00:13.29+00:00
2026-08-13T08:15:14.997410+00:00,657ff7f934,0,0,2026-08-08T19:23:01.051+00:00
2026-08-13T08:15:14.997410+00:00,6611133362,0,0,2026-08-07T08:58:35.572+00:00
2026-08-13T08:15:14.997410+00:00,666384e349,0,0,2026-08-11T03:01:38.826+00:00
2026-08-13T08:15:14.997410+00:00,669ca23457,0,0,2026-08-03T17:06:31.436+00:00
2026-08-13T08:15:14.997410+00:00,6716543bd4,0,0,2026-08-09T06:22:05.195+00:00
2026-08-13T08:15:14.997410+00:00,673b4d14af,0,0,2026-07-31T02:32:25.657+00:00
2026-08-13T08:15:14.997410+00:00,6775b29732,0,0,2026-07-20T22:07:56.111+00:00
2026-08-13T08:15:14.997410+00:00,6790f21499,0,0,2026-08-07T22:35:51.848+00:00
2026-08-13T08:15:14.997410+00:00,679f58453b,0,0,2026-08-06T22:41:34.46+00:00
2026-08-13T08:15:14.997410+00:00,67a417a9ad,0,0,2026-08-06T17:32:13.185+00:00
2026-08-13T08:15:14.997410+00:00,67b312486b,0,0,2026-08-13T02:43:35.911+00:00
2026-08-13T08:15:14.997410+00:00,67ddb99429,0,0,2026-08-10T14:43:05.201+00:00
2026-08-13T08:15:14.997410+00:00,67f1260ecb,0,0,2026-07-31T02:32:20.563+00:00
2026-08-13T08:15:14.997410+00:00,67fbd33816,0,0,2026-08-10T20:03:52.676+00:00
2026-08-13T08:15:14.997410+00:00,687ce64100,0,0,2026-08-11T03:30:48.937+00:00
2026-08-13T08:15:14.997410+00:00,6899e4cb01,0,0,2026-08-06T22:19:33.213+00:00
2026-08-13T08:15:14.997410+00:00,68eae8beed,0,0,2026-08-04T07:35:44.001+00:00
2026-08-13T08:15:14.997410+00:00,695a10ff76,0,0,2026-08-08T02:00:32.267+00:00
2026-08-13T08:15:14.997410+00:00,6a4ac66c30,0,0,2026-08-07T06:08:12.952+00:00
2026-08-13T08:15:14.997410+00:00,6a5f62a083,0,0,2026-08-13T07:22:45.411+00:00
2026-08-13T08:15:14.997410+00:00,6a8611855f,0,0,2026-08-10T06:44:37.797+00:00
2026-08-13T08:15:14.997410+00:00,6a9a5c087e,0,0,2026-08-11T23:34:21.227+00:00
2026-08-13T08:15:14.997410+00:00,6aaf2cb5af,0,0,2026-08-07T10:50:45.343+00:00
2026-08-13T08:15:14.997410+00:00,6ad856522a,0,0,2026-07-17T23:17:54.769+00:00
2026-08-13T08:15:14.997410+00:00,6b00430ebd,0,0,2026-08-11T01:09:44.559+00:00
2026-08-13T08:15:14.997410+00:00,6b1660a84c,0,0,2026-07-30T03:16:12.345+00:00
2026-08-13T08:15:14.997410+00:00,6b687a9e21,0,0,2026-08-09T19:42:16.069+00:00
2026-08-13T08:15:14.997410+00:00,6bcfcb7b82,0,0,2026-08-09T15:52:27.403+00:00
2026-08-13T08:15:14.997410+00:00,6bf08b49a5,0,0,2026-08-10T15:33:29.201+00:00
2026-08-13T08:15:14.997410+00:00,6c80ab5290,0,0,2026-08-12T21:18:25.886+00:00
2026-08-13T08:15:14.997410+00:00,6c9955d868,0,0,2026-08-12T05:34:57.573+00:00
2026-08-13T08:15:14.997410+00:00,6d0f0d6c4f,0,0,2026-08-12T03:13:07.859+00:00
2026-08-13T08:15:14.997410+00:00,6d2cb8a7e2,0,0,2026-08-06T05:31:02.668+00:00
2026-08-13T08:15:14.997410+00:00,6d2e37c2d5,0,0,2026-07-31T04:44:01.532+00:00
2026-08-13T08:15:14.997410+00:00,6de0889cde,0,0,2026-08-11T07:28:11.325+00:00
2026-08-13T08:15:14.997410+00:00,6de7fbc3af,0,0,2026-08-04T18:31:29.917+00:00
2026-08-13T08:15:14.997410+00:00,6e16139e31,0,0,2026-08-04T13:24:37.017+00:00
2026-08-13T08:15:14.997410+00:00,6e4bc4f0a9,0,0,2026-08-07T14:25:54.312+00:00
2026-08-13T08:15:14.997410+00:00,6f687fe1cf,0,0,2026-08-04T14:12:22.861+00:00
2026-08-13T08:15:14.997410+00:00,6f783f5b62,0,0,2026-07-31T11:36:04.685+00:00
2026-08-13T08:15:14.997410+00:00,6f8c7df990,0,0,2026-08-12T07:10:20.312+00:00
2026-08-13T08:15:14.997410+00:00,6fd16953fa,0,0,2026-08-10T20:11:28.022+00:00
2026-08-13T08:15:14.997410+00:00,6fd32523e3,0,0,2026-08-04T03:25:29.285+00:00
2026-08-13T08:15:14.997410+00:00,7002038d90,0,0,2026-08-05T15:42:09.115+00:00
2026-08-13T08:15:14.997410+00:00,7051fe4a6a,0,0,2026-08-12T04:59:30.562+00:00
2026-08-13T08:15:14.997410+00:00,705c59224a,0,0,2026-08-05T04:13:10.95+00:00
2026-08-13T08:15:14.997410+00:00,70c71c81bd,0,0,2026-08-11T08:37:48.34+00:00
2026-08-13T08:15:14.997410+00:00,7100ff8c68,0,0,2026-08-06T17:53:31.013+00:00
2026-08-13T08:15:14.997410+00:00,710f54d7e7,0,0,2026-08-13T04:41:20.334+00:00
2026-08-13T08:15:14.997410+00:00,717ff3fe80,0,0,2026-08-12T00:02:41.515+00:00
2026-08-13T08:15:14.997410+00:00,719fdf8711,0,0,2026-08-04T19:13:19.419+00:00
2026-08-13T08:15:14.997410+00:00,72168f3dd6,0,0,2026-08-12T17:43:29+00:00
2026-08-13T08:15:14.997410+00:00,722f2a68ee,0,0,2026-08-08T01:48:03.411+00:00
2026-08-13T08:15:14.997410+00:00,723a5eb457,0,0,2026-08-07T04:34:47.012+00:00
2026-08-13T08:15:14.997410+00:00,72fcbcf858,0,0,2026-08-04T12:45:10.206+00:00
2026-08-13T08:15:14.997410+00:00,7308e99806,0,0,2026-08-07T14:43:19.301+00:00
2026-08-13T08:15:14.997410+00:00,730fd5ba71,0,0,2026-08-10T07:37:49.523+00:00
2026-08-13T08:15:14.997410+00:00,73b29188f0,0,0,2026-08-05T10:29:12.572+00:00
2026-08-13T08:15:14.997410+00:00,73d840f559,0,0,2026-08-05T02:58:50.682+00:00
2026-08-13T08:15:14.997410+00:00,74a63dbe2c,0,0,2026-08-05T21:45:57.527+00:00
2026-08-13T08:15:14.997410+00:00,74b31089be,0,0,2026-08-09T16:30:59.231+00:00
2026-08-13T08:15:14.997410+00:00,74ecb952d1,0,0,2026-08-10T13:25:40.408+00:00
2026-08-13T08:15:14.997410+00:00,74f040100f,0,0,2026-08-03T09:08:46.706+00:00
2026-08-13T08:15:14.997410+00:00,7505a1b60a,0,0,2026-08-12T03:58:30.238+00:00
2026-08-13T08:15:14.997410+00:00,7570d587e7,0,0,2026-08-05T10:48:47.833+00:00
2026-08-13T08:15:14.997410+00:00,75af94bd35,0,0,2026-08-03T16:26:49.327+00:00
2026-08-13T08:15:14.997410+00:00,75bdb104dd,0,0,2026-08-06T11:08:08.055+00:00
2026-08-13T08:15:14.997410+00:00,75f38ffbce,0,0,2026-08-08T09:08:20.62+00:00
2026-08-13T08:15:14.997410+00:00,766da6c83e,0,0,2026-08-05T23:17:58.077+00:00
2026-08-13T08:15:14.997410+00:00,76a56f1b6b,0,0,2026-07-30T04:13:37.871+00:00
2026-08-13T08:15:14.997410+00:00,7739cf7bff,0,0,2026-08-02T09:11:11.711+00:00
2026-08-13T08:15:14.997410+00:00,777a507071,0,0,2026-08-07T05:53:36.598+00:00
2026-08-13T08:15:14.997410+00:00,77a6c8048d,0,0,2026-08-11T09:27:06.683+00:00
2026-08-13T08:15:14.997410+00:00,77f4007d08,0,0,2026-08-04T03:16:42.099+00:00
2026-08-13T08:15:14.997410+00:00,78073ce756,0,0,2026-08-12T08:48:07.657+00:00
2026-08-13T08:15:14.997410+00:00,782beb7e4c,0,0,2026-08-06T16:27:27.036+00:00
2026-08-13T08:15:14.997410+00:00,7845cd759c,0,0,2026-08-12T18:11:02.442+00:00
2026-08-13T08:15:14.997410+00:00,786989d6bb,0,0,2026-08-06T16:41:13.073+00:00
2026-08-13T08:15:14.997410+00:00,78ce042448,0,0,2026-08-05T07:21:37.469+00:00
2026-08-13T08:15:14.997410+00:00,78d93fab36,0,0,2026-08-13T00:29:24.362+00:00
2026-08-13T08:15:14.997410+00:00,7903fb889d,0,0,2026-08-12T16:47:21.76+00:00
2026-08-13T08:15:14.997410+00:00,791482cb01,0,0,2026-08-12T20:50:57.672+00:00
2026-08-13T08:15:14.997410+00:00,7973a6ba7b,0,0,2026-08-03T16:02:56.313+00:00
2026-08-13T08:15:14.997410+00:00,79bfa1f531,0,0,2026-08-02T22:45:32.126+00:00
2026-08-13T08:15:14.997410+00:00,79ed168a6f,0,0,2026-08-12T20:30:55.909+00:00
2026-08-13T08:15:14.997410+00:00,7a3387410c,0,0,2026-08-10T20:36:27.979+00:00
2026-08-13T08:15:14.997410+00:00,7af2bb809d,0,0,2026-08-04T16:26:20.231+00:00
2026-08-13T08:15:14.997410+00:00,7b34a4ac4f,0,0,2026-08-11T21:51:24.341+00:00
2026-08-13T08:15:14.997410+00:00,7b596fd868,0,0,2026-08-06T10:47:51.96+00:00
2026-08-13T08:15:14.997410+00:00,7b91d631fb,0,0,2026-08-09T15:59:06.722+00:00
2026-08-13T08:15:14.997410+00:00,7bd337f078,0,0,2026-08-11T18:34:53.961+00:00
2026-08-13T08:15:14.997410+00:00,7be2e94c68,0,0,2026-08-12T15:43:00.137+00:00
2026-08-13T08:15:14.997410+00:00,7c4670723b,0,0,2026-08-04T01:03:50.518+00:00
2026-08-13T08:15:14.997410+00:00,7c9594362b,0,0,2026-08-06T17:59:35.894+00:00
2026-08-13T08:15:14.997410+00:00,7dfe31b8e0,0,0,2026-08-09T03:31:21.525+00:00
2026-08-13T08:15:14.997410+00:00,7e24d86019,0,0,2026-07-28T22:33:07.309+00:00
2026-08-13T08:15:14.997410+00:00,7e3026bc13,0,0,2026-08-04T17:09:47.787+00:00
2026-08-13T08:15:14.997410+00:00,7e4d11e89a,0,0,2026-08-09T01:48:06.205+00:00
2026-08-13T08:15:14.997410+00:00,7e9326571f,0,0,2026-08-05T04:13:50.444+00:00
2026-08-13T08:15:14.997410+00:00,7f77b4e6c5,0,0,2026-08-11T21:37:08.016+00:00
2026-08-13T08:15:14.997410+00:00,803c652473,0,0,2026-08-12T06:21:33.779+00:00
2026-08-13T08:15:14.997410+00:00,80f747cf84,0,0,2026-08-05T07:52:44.442+00:00
2026-08-13T08:15:14.997410+00:00,813ca26e5d,0,0,2026-08-07T06:44:29.879+00:00
2026-08-13T08:15:14.997410+00:00,816d7007d7,0,0,2026-08-06T22:22:07.663+00:00
2026-08-13T08:15:14.997410+00:00,828f514a82,0,0,2026-08-10T21:08:44.717+00:00
2026-08-13T08:15:14.997410+00:00,82cf5a4016,0,0,2026-08-06T10:15:30.217+00:00
2026-08-13T08:15:14.997410+00:00,8358fb2869,0,0,2026-08-11T19:17:11.511+00:00
2026-08-13T08:15:14.997410+00:00,8369e37266,0,0,2026-08-07T04:32:23.926+00:00
2026-08-13T08:15:14.997410+00:00,83ab62c7e9,0,0,2026-08-12T01:49:20.706+00:00
2026-08-13T08:15:14.997410+00:00,83b92bab1e,0,0,2026-08-08T05:06:30.268+00:00
2026-08-13T08:15:14.997410+00:00,83c6871173,0,0,2026-08-09T15:55:44.921+00:00
2026-08-13T08:15:14.997410+00:00,83c7f50d4e,0,0,2026-08-06T22:41:51.313+00:00
2026-08-13T08:15:14.997410+00:00,8417c8eafc,0,0,2026-08-12T04:42:37.515+00:00
2026-08-13T08:15:14.997410+00:00,841fa5dc94,0,0,2026-08-03T00:41:03.997+00:00
2026-08-13T08:15:14.997410+00:00,848a2b29cb,0,0,2026-08-10T21:11:13.464+00:00
2026-08-13T08:15:14.997410+00:00,84bbc5891f,0,0,2026-08-07T22:09:52.362+00:00
2026-08-13T08:15:14.997410+00:00,84e201601c,0,0,2026-08-08T06:37:44.345+00:00
2026-08-13T08:15:14.997410+00:00,84e2551b59,0,0,2026-08-06T23:42:24.756+00:00
2026-08-13T08:15:14.997410+00:00,854f7d8e5a,0,0,2026-08-09T15:20:08.141+00:00
2026-08-13T08:15:14.997410+00:00,8585e0fc53,0,0,2026-08-02T12:11:33.633+00:00
2026-08-13T08:15:14.997410+00:00,85cf10ba63,0,0,2026-08-04T01:03:51.466+00:00
2026-08-13T08:15:14.997410+00:00,86563d3a8e,0,0,2026-08-10T12:26:33.444+00:00
2026-08-13T08:15:14.997410+00:00,867cf970fa,0,0,2026-08-09T04:02:40.881+00:00
2026-08-13T08:15:14.997410+00:00,86aa02f259,0,0,2026-08-09T19:49:05.404+00:00
2026-08-13T08:15:14.997410+00:00,86aac56d12,0,0,2026-08-11T00:21:38.385+00:00
2026-08-13T08:15:14.997410+00:00,86f1b989ef,0,0,2026-08-08T03:57:59.86+00:00
2026-08-13T08:15:14.997410+00:00,870c466547,0,0,2026-08-11T01:46:39.266+00:00
2026-08-13T08:15:14.997410+00:00,87841acf02,0,0,2026-08-05T06:37:10.065+00:00
2026-08-13T08:15:14.997410+00:00,88559dac50,0,0,2026-08-09T11:44:25.928+00:00
2026-08-13T08:15:14.997410+00:00,88e21398e9,0,0,2026-08-12T20:59:13.278+00:00
2026-08-13T08:15:14.997410+00:00,89276e9f98,0,0,2026-08-04T17:23:00.256+00:00
2026-08-13T08:15:14.997410+00:00,893781d376,0,0,2026-08-04T21:13:35.147+00:00
2026-08-13T08:15:14.997410+00:00,89467bb7da,0,0,2026-08-12T14:14:07.128+00:00
2026-08-13T08:15:14.997410+00:00,89b853cf20,0,0,2026-08-01T03:38:28.805+00:00
2026-08-13T08:15:14.997410+00:00,89d7a3a2c5,0,0,2026-08-10T12:18:12.122+00:00
2026-08-13T08:15:14.997410+00:00,8a76070ba8,0,0,2026-08-06T19:33:10.29+00:00
2026-08-13T08:15:14.997410+00:00,8a80e6993f,0,0,2026-08-03T04:23:53.324+00:00
2026-08-13T08:15:14.997410+00:00,8abf74a0f9,0,0,2026-08-04T03:52:27.916+00:00
2026-08-13T08:15:14.997410+00:00,8aeb1caf6f,0,0,2026-08-13T04:41:15.119+00:00
2026-08-13T08:15:14.997410+00:00,8b9e02c253,0,0,2026-07-31T16:13:19.142+00:00
2026-08-13T08:15:14.997410+00:00,8bba625ec5,0,0,2026-08-11T13:40:39.435+00:00
2026-08-13T08:15:14.997410+00:00,8bd0e3b790,0,0,2026-07-03T07:44:32.127339+00:00
2026-08-13T08:15:14.997410+00:00,8c4a4a6855,0,0,2026-08-10T02:39:20.922+00:00
2026-08-13T08:15:14.997410+00:00,8c6d30154c,0,0,2026-08-09T23:04:35.523+00:00
2026-08-13T08:15:14.997410+00:00,8ccfa68585,0,0,2026-08-07T06:33:16.635+00:00
2026-08-13T08:15:14.997410+00:00,8d0e409cce,0,0,2026-08-11T22:20:05.021+00:00
2026-08-13T08:15:14.997410+00:00,8d103919d5,0,0,2026-08-06T11:14:22.924+00:00
2026-08-13T08:15:14.997410+00:00,8d51beb89c,0,0,2026-08-13T01:01:22.929+00:00
2026-08-13T08:15:14.997410+00:00,8d7f0e35b4,0,0,2026-08-09T21:37:17.426+00:00
2026-08-13T08:15:14.997410+00:00,8e12b6df08,0,0,2026-08-10T21:58:23.718+00:00
2026-08-13T08:15:14.997410+00:00,8e443d0c55,0,0,2026-08-05T16:02:13.306+00:00
2026-08-13T08:15:14.997410+00:00,8e60e97586,0,0,2026-08-13T03:14:19.392+00:00
2026-08-13T08:15:14.997410+00:00,8ea5f5f6dd,0,0,2026-08-02T22:11:13.54+00:00
2026-08-13T08:15:14.997410+00:00,8ebb60c48d,0,0,2026-08-06T03:00:04.814+00:00
2026-08-13T08:15:14.997410+00:00,8ecd9dae84,0,0,2026-08-07T21:51:28.416+00:00
2026-08-13T08:15:14.997410+00:00,8ed6ab85bb,0,0,2026-08-11T01:38:19.142+00:00
2026-08-13T08:15:14.997410+00:00,8f7b1383c5,0,0,2026-08-04T23:44:15.028+00:00
2026-08-13T08:15:14.997410+00:00,8f9a7a2047,0,0,2026-08-08T22:46:42.858+00:00
2026-08-13T08:15:14.997410+00:00,8f9bba2cb0,0,0,2026-08-09T19:42:35.378+00:00
2026-08-13T08:15:14.997410+00:00,8fed5e00f0,0,0,2026-08-12T05:01:44.305+00:00
2026-08-13T08:15:14.997410+00:00,907155084e,0,0,2026-07-28T07:04:42.184+00:00
2026-08-13T08:15:14.997410+00:00,909f0d052c,0,0,2026-08-07T00:57:24.795+00:00
2026-08-13T08:15:14.997410+00:00,91cb2bf2c5,0,0,2026-08-07T13:28:35.033+00:00
2026-08-13T08:15:14.997410+00:00,91eb19e549,0,0,2026-08-09T03:50:06.787+00:00
2026-08-13T08:15:14.997410+00:00,91f6efb065,0,0,2026-08-09T15:36:04.239+00:00
2026-08-13T08:15:14.997410+00:00,922b8643bc,0,0,2026-08-10T04:34:37.979+00:00
2026-08-13T08:15:14.997410+00:00,92475cd3aa,0,0,2026-08-09T12:45:27.036+00:00
2026-08-13T08:15:14.997410+00:00,9255f43393,0,0,2026-08-11T03:31:56.609+00:00
2026-08-13T08:15:14.997410+00:00,92b7fe3301,0,0,2026-08-06T22:44:54.562+00:00
2026-08-13T08:15:14.997410+00:00,93a15eead9,0,0,2026-08-06T04:39:50.828+00:00
2026-08-13T08:15:14.997410+00:00,94d6b590df,0,0,2026-08-08T20:34:35.09+00:00
2026-08-13T08:15:14.997410+00:00,9525e80149,0,0,2026-08-08T19:17:45.587+00:00
2026-08-13T08:15:14.997410+00:00,9554a42624,0,0,2026-08-09T02:38:28.172+00:00
2026-08-13T08:15:14.997410+00:00,95a57dde27,0,0,2026-08-06T14:38:49.119+00:00
2026-08-13T08:15:14.997410+00:00,95f0665db9,0,0,2026-08-07T14:19:42.203+00:00
2026-08-13T08:15:14.997410+00:00,969e86ee8b,0,0,2026-08-08T07:11:51.277+00:00
2026-08-13T08:15:14.997410+00:00,96b540fd79,0,0,2026-08-05T15:36:07.218+00:00
2026-08-13T08:15:14.997410+00:00,973f41c2e1,0,0,2026-08-13T03:22:18.817+00:00
2026-08-13T08:15:14.997410+00:00,975eba22a5,0,0,2026-08-04T18:10:49.849+00:00
2026-08-13T08:15:14.997410+00:00,97756e3fe7,0,0,2026-08-13T01:06:13.046+00:00
2026-08-13T08:15:14.997410+00:00,9791579bf4,0,0,2026-08-05T02:43:18.344+00:00
2026-08-13T08:15:14.997410+00:00,98e0890cac,0,0,2026-08-10T20:32:58.755+00:00
2026-08-13T08:15:14.997410+00:00,9908dbf4b8,0,0,2026-08-09T04:39:12.312+00:00
2026-08-13T08:15:14.997410+00:00,9972df28f9,0,0,2026-08-04T06:39:13.318+00:00
2026-08-13T08:15:14.997410+00:00,99afea2f56,0,0,2026-08-11T22:30:39.833+00:00
2026-08-13T08:15:14.997410+00:00,99b0e661d4,0,0,2026-08-09T00:07:02.976+00:00
2026-08-13T08:15:14.997410+00:00,9a1f8e8ad6,0,0,2026-08-09T02:27:28.167+00:00
2026-08-13T08:15:14.997410+00:00,9a4ffc18ec,0,0,2026-08-04T16:54:29.716+00:00
2026-08-13T08:15:14.997410+00:00,9a7764b997,0,0,2026-08-04T09:20:35.769+00:00
2026-08-13T08:15:14.997410+00:00,9ad680b704,0,0,2026-08-09T22:36:38.168+00:00
2026-08-13T08:15:14.997410+00:00,9afb58536b,0,0,2026-08-06T16:47:34.94+00:00
2026-08-13T08:15:14.997410+00:00,9b1e69510d,0,0,2026-08-06T22:57:41.522+00:00
2026-08-13T08:15:14.997410+00:00,9b42cd48f7,0,0,2026-08-11T17:34:46.671+00:00
2026-08-13T08:15:14.997410+00:00,9bec7dd54e,0,0,2026-08-12T08:21:31.915+00:00
2026-08-13T08:15:14.997410+00:00,9c4e62b14c,0,0,2026-08-05T15:41:50.128+00:00
2026-08-13T08:15:14.997410+00:00,9c892ea73f,0,0,2026-08-11T03:42:37.913+00:00
2026-08-13T08:15:14.997410+00:00,9c9011ee49,0,0,2026-08-12T13:51:43.552+00:00
2026-08-13T08:15:14.997410+00:00,9c9c7aec27,0,0,2026-08-12T05:53:27.465+00:00
2026-08-13T08:15:14.997410+00:00,9cde1137c9,0,0,2026-08-12T19:46:40.3+00:00
2026-08-13T08:15:14.997410+00:00,9d518b7c2e,0,0,2026-08-10T03:38:05.041+00:00
2026-08-13T08:15:14.997410+00:00,9d56a5f157,0,0,2026-08-12T22:48:54.824+00:00
2026-08-13T08:15:14.997410+00:00,9d8f9f612f,0,0,2026-08-05T15:41:39.058+00:00
2026-08-13T08:15:14.997410+00:00,9dc7b02c18,0,0,2026-08-11T01:27:43.135+00:00
2026-08-13T08:15:14.997410+00:00,9dd9a1c405,0,0,2026-08-05T00:23:51.535+00:00
2026-08-13T08:15:14.997410+00:00,9df75a59ee,0,0,2026-08-13T05:11:37.457+00:00
2026-08-13T08:15:14.997410+00:00,9e67935d56,0,0,2026-08-04T06:57:48.551+00:00
2026-08-13T08:15:14.997410+00:00,9e7d0d5eb6,0,0,2026-08-08T19:14:28.259+00:00
2026-08-13T08:15:14.997410+00:00,9ebea83071,0,0,2026-08-06T09:15:59.787+00:00
2026-08-13T08:15:14.997410+00:00,9ee8c1e092,0,0,2026-08-13T04:03:27.567+00:00
2026-08-13T08:15:14.997410+00:00,9f21c1b99f,0,0,2026-07-17T23:00:35.455+00:00
2026-08-13T08:15:14.997410+00:00,9f5f1ed40e,0,0,2026-08-11T21:17:48.834+00:00
2026-08-13T08:15:14.997410+00:00,a030f3dd4f,0,0,2026-08-05T06:56:17.27+00:00
2026-08-13T08:15:14.997410+00:00,a041c458fa,0,0,2026-08-13T03:11:40.946+00:00
2026-08-13T08:15:14.997410+00:00,a0863bc969,0,0,2026-07-28T22:53:54.817+00:00
2026-08-13T08:15:14.997410+00:00,a0895bf970,0,0,2026-08-10T12:03:18.843+00:00
2026-08-13T08:15:14.997410+00:00,a096808565,0,0,2026-08-07T08:52:04.864+00:00
2026-08-13T08:15:14.997410+00:00,a09f3f199a,0,0,2026-08-09T11:01:09.495+00:00
2026-08-13T08:15:14.997410+00:00,a0c5c52e3d,0,0,2026-08-12T07:46:06.77+00:00
2026-08-13T08:15:14.997410+00:00,a0e01d98df,0,0,2026-08-02T00:33:35.054+00:00
2026-08-13T08:15:14.997410+00:00,a145b200b4,0,0,2026-08-07T21:33:31.632+00:00
2026-08-13T08:15:14.997410+00:00,a1710009eb,0,0,2026-08-07T03:35:02.138+00:00
2026-08-13T08:15:14.997410+00:00,a189673242,0,0,2026-08-06T16:10:44.139+00:00
2026-08-13T08:15:14.997410+00:00,a1ff4a1d1e,0,0,2026-08-05T00:04:51.429+00:00
2026-08-13T08:15:14.997410+00:00,a242aafd93,0,0,2026-08-10T03:12:44.104+00:00
2026-08-13T08:15:14.997410+00:00,a2b1a61229,0,0,2026-08-08T03:53:06.868+00:00
2026-08-13T08:15:14.997410+00:00,a2df26a584,0,0,2026-08-11T00:00:57.825+00:00
2026-08-13T08:15:14.997410+00:00,a2e9ed920a,0,0,2026-08-05T23:18:00.227+00:00
2026-08-13T08:15:14.997410+00:00,a321a662e5,0,0,2026-08-11T15:52:47.36+00:00
2026-08-13T08:15:14.997410+00:00,a3558a255c,0,0,2026-08-05T10:53:24.038+00:00
2026-08-13T08:15:14.997410+00:00,a35f1144cc,0,0,2026-07-31T10:11:53.65+00:00
2026-08-13T08:15:14.997410+00:00,a36b435bf3,0,0,2026-08-12T20:33:47.071+00:00
2026-08-13T08:15:14.997410+00:00,a387950faf,0,0,2026-08-10T02:13:10.737+00:00
2026-08-13T08:15:14.997410+00:00,a387f4d312,0,0,2026-08-10T16:28:58.398+00:00
2026-08-13T08:15:14.997410+00:00,a438d3298c,0,0,2026-08-04T14:12:34.775+00:00
2026-08-13T08:15:14.997410+00:00,a43d618b2b,0,0,2026-08-10T13:44:08.827+00:00
2026-08-13T08:15:14.997410+00:00,a4c719100f,0,0,2026-08-09T14:30:14.73+00:00
2026-08-13T08:15:14.997410+00:00,a52ce911f0,0,0,2026-08-09T03:28:56.632+00:00
2026-08-13T08:15:14.997410+00:00,a56269048b,0,0,2026-08-11T23:15:54.989+00:00
2026-08-13T08:15:14.997410+00:00,a5aa4d5edd,0,0,2026-08-09T21:33:41.502+00:00
2026-08-13T08:15:14.997410+00:00,a5f61c725d,0,0,2026-08-05T15:41:42.504+00:00
2026-08-13T08:15:14.997410+00:00,a674196245,0,0,2026-08-09T03:46:40.582+00:00
2026-08-13T08:15:14.997410+00:00,a720bc5208,0,0,2026-08-12T05:40:25.438+00:00
2026-08-13T08:15:14.997410+00:00,a74a64ee9d,0,0,2026-08-09T19:32:29.156+00:00
2026-08-13T08:15:14.997410+00:00,a7b8b8cc1d,0,0,2026-08-11T23:35:57.779+00:00
2026-08-13T08:15:14.997410+00:00,a7bd32629a,0,0,2026-08-04T17:42:32.796+00:00
2026-08-13T08:15:14.997410+00:00,a7c9448586,0,0,2026-08-05T17:23:10.63+00:00
2026-08-13T08:15:14.997410+00:00,a80a70e78a,0,0,2026-08-03T21:25:19.984+00:00
2026-08-13T08:15:14.997410+00:00,a8109cbd56,0,0,2026-08-07T20:43:02.802+00:00
2026-08-13T08:15:14.997410+00:00,a8331bc46d,0,0,2026-08-11T18:46:00.994+00:00
2026-08-13T08:15:14.997410+00:00,a841429796,0,0,2026-08-06T19:22:53.171+00:00
2026-08-13T08:15:14.997410+00:00,a85c77c3c6,0,0,2026-08-11T04:23:24.724+00:00
2026-08-13T08:15:14.997410+00:00,a8634b329b,0,0,2026-08-08T00:01:30.565+00:00
2026-08-13T08:15:14.997410+00:00,a8d8675303,0,0,2026-08-13T03:07:35.389+00:00
2026-08-13T08:15:14.997410+00:00,a992dd5c3c,0,0,2026-08-02T17:34:12.617+00:00
2026-08-13T08:15:14.997410+00:00,a99e21763d,0,0,2026-08-10T18:40:29.748+00:00
2026-08-13T08:15:14.997410+00:00,a9e93e46c4,0,0,2026-08-09T08:24:04.907+00:00
2026-08-13T08:15:14.997410+00:00,aa427fff7d,0,0,2026-08-07T18:59:53.552+00:00
2026-08-13T08:15:14.997410+00:00,aa4f5664a6,0,0,2026-07-31T12:32:13.687+00:00
2026-08-13T08:15:14.997410+00:00,ab4324dc71,0,0,2026-08-09T06:41:27.874+00:00
2026-08-13T08:15:14.997410+00:00,ab5595f718,0,0,2026-08-12T09:07:15.726+00:00
2026-08-13T08:15:14.997410+00:00,ab5a6437f4,0,0,2026-08-12T05:14:51.369+00:00
2026-08-13T08:15:14.997410+00:00,ab79368453,0,0,2026-08-10T09:48:57.122+00:00
2026-08-13T08:15:14.997410+00:00,ab843b9602,0,0,2026-08-11T02:07:53.646+00:00
2026-08-13T08:15:14.997410+00:00,ab9ef41b85,0,0,2026-08-09T21:33:36.467+00:00
2026-08-13T08:15:14.997410+00:00,ac17191b3d,0,0,2026-08-11T22:16:47.56+00:00
2026-08-13T08:15:14.997410+00:00,ad25230d5f,0,0,2026-08-13T03:30:53.157+00:00
2026-08-13T08:15:14.997410+00:00,ad2d02ee3a,0,0,2026-08-10T03:11:56.66+00:00
2026-08-13T08:15:14.997410+00:00,ad42e016b8,0,0,2026-08-06T18:59:09.084+00:00
2026-08-13T08:15:14.997410+00:00,ad8c1edc37,0,0,2026-08-11T01:05:03.891+00:00
2026-08-13T08:15:14.997410+00:00,add50f4288,0,0,2026-08-04T02:26:37.221+00:00
2026-08-13T08:15:14.997410+00:00,ae03cd2086,0,0,2026-08-06T10:30:55.999+00:00
2026-08-13T08:15:14.997410+00:00,ae573a63be,0,0,2026-08-09T01:13:15.433+00:00
2026-08-13T08:15:14.997410+00:00,ae95eb04ef,0,0,2026-08-03T17:40:04.241+00:00
2026-08-13T08:15:14.997410+00:00,aecb885a3b,0,0,2026-08-13T07:27:07.333+00:00
2026-08-13T08:15:14.997410+00:00,aed7d20e2e,0,0,2026-08-09T17:16:25.838+00:00
2026-08-13T08:15:14.997410+00:00,af224f0d50,0,0,2026-08-03T16:19:11.191+00:00
2026-08-13T08:15:14.997410+00:00,af34a6bff3,0,0,2026-08-10T18:26:42.727+00:00
2026-08-13T08:15:14.997410+00:00,af6434f570,0,0,2026-08-11T08:41:31.668+00:00
2026-08-13T08:15:14.997410+00:00,afc299d77d,0,0,2026-08-11T03:38:10.709+00:00
2026-08-13T08:15:14.997410+00:00,afd0d3122f,0,0,2026-08-11T06:56:38.745+00:00
2026-08-13T08:15:14.997410+00:00,aff2b41265,0,0,2026-08-04T05:49:32.003+00:00
2026-08-13T08:15:14.997410+00:00,b016a33d1f,0,0,2026-08-12T04:48:48.237+00:00
2026-08-13T08:15:14.997410+00:00,b038215093,0,0,2026-08-06T03:35:59.51+00:00
2026-08-13T08:15:14.997410+00:00,b0ba2f2292,0,0,2026-08-08T22:16:39.748+00:00
2026-08-13T08:15:14.997410+00:00,b0ccdaa475,0,0,2026-08-10T19:07:11.691+00:00
2026-08-13T08:15:14.997410+00:00,b16279fa1d,0,0,2026-08-05T03:44:25.485+00:00
2026-08-13T08:15:14.997410+00:00,b195d478de,0,0,2026-08-09T01:38:40.661+00:00
2026-08-13T08:15:14.997410+00:00,b2072027b2,0,0,2026-08-08T03:41:15.832+00:00
2026-08-13T08:15:14.997410+00:00,b20880619c,0,0,2026-08-12T22:39:01.44+00:00
2026-08-13T08:15:14.997410+00:00,b297990768,0,0,2026-08-11T02:19:38.608+00:00
2026-08-13T08:15:14.997410+00:00,b2efb6409d,0,0,2026-08-11T03:18:26.107+00:00
2026-08-13T08:15:14.997410+00:00,b33255ec12,0,0,2026-07-22T16:59:01.833+00:00
2026-08-13T08:15:14.997410+00:00,b3377b340f,0,0,2026-08-02T15:10:31.31+00:00
2026-08-13T08:15:14.997410+00:00,b387df5f73,0,0,2026-08-04T06:48:12.542+00:00
2026-08-13T08:15:14.997410+00:00,b38f2cc4ab,0,0,2026-08-08T03:21:22.32+00:00
2026-08-13T08:15:14.997410+00:00,b3983ab0ef,0,0,2026-08-08T22:12:08.478+00:00
2026-08-13T08:15:14.997410+00:00,b4414d3492,0,0,2026-08-05T15:41:53.741+00:00
2026-08-13T08:15:14.997410+00:00,b4a729a373,0,0,2026-08-01T07:54:21.554+00:00
2026-08-13T08:15:14.997410+00:00,b4a7a7dd68,0,0,2026-08-10T01:47:13.98+00:00
2026-08-13T08:15:14.997410+00:00,b4dbe07e64,0,0,2026-08-03T16:04:35.787+00:00
2026-08-13T08:15:14.997410+00:00,b52554c8e6,0,0,2026-08-09T18:49:44.354+00:00
2026-08-13T08:15:14.997410+00:00,b538295f7f,0,0,2026-08-11T12:44:11.278+00:00
2026-08-13T08:15:14.997410+00:00,b5c6b6663f,0,0,2026-08-10T09:10:19.835+00:00
2026-08-13T08:15:14.997410+00:00,b61305ac55,0,0,2026-08-04T00:16:14.277+00:00
2026-08-13T08:15:14.997410+00:00,b671638c07,0,0,2026-08-03T03:30:19.898+00:00
2026-08-13T08:15:14.997410+00:00,b73f3bf20d,0,0,2026-08-06T18:46:24.416+00:00
2026-08-13T08:15:14.997410+00:00,b76c5ebaf6,0,0,2026-08-03T21:41:32.047+00:00
2026-08-13T08:15:14.997410+00:00,b7a9dc8a13,0,0,2026-08-04T14:39:57.95+00:00
2026-08-13T08:15:14.997410+00:00,b7dc377f1d,0,0,2026-08-09T00:53:03.738+00:00
2026-08-13T08:15:14.997410+00:00,b7e4343e44,0,0,2026-08-11T04:26:40.853+00:00
2026-08-13T08:15:14.997410+00:00,b88db2e2bd,0,0,2026-08-04T02:48:59.939+00:00
2026-08-13T08:15:14.997410+00:00,b89c996b3a,0,0,2026-08-06T05:26:08.363+00:00
2026-08-13T08:15:14.997410+00:00,b8aea7f8c4,0,0,2026-08-08T19:58:30.579+00:00
2026-08-13T08:15:14.997410+00:00,b8bd510958,0,0,2026-07-31T02:32:18.384+00:00
2026-08-13T08:15:14.997410+00:00,b8c5c63503,0,0,2026-08-04T19:37:22.059+00:00
2026-08-13T08:15:14.997410+00:00,b8c852d84d,0,0,2026-08-06T13:30:59.376+00:00
2026-08-13T08:15:14.997410+00:00,b8cd64c68a,0,0,2026-08-05T18:02:23.482+00:00
2026-08-13T08:15:14.997410+00:00,b95b44c3e3,0,0,2026-08-10T19:03:59.378+00:00
2026-08-13T08:15:14.997410+00:00,ba550d42f7,0,0,2026-08-04T21:41:25.724+00:00
2026-08-13T08:15:14.997410+00:00,ba8121bd22,0,0,2026-08-11T04:13:42.175+00:00
2026-08-13T08:15:14.997410+00:00,baf0c2ed20,0,0,2026-08-11T14:47:17.882+00:00
2026-08-13T08:15:14.997410+00:00,bb4282df98,0,0,2026-08-07T07:00:27.61+00:00
2026-08-13T08:15:14.997410+00:00,bbb75997ef,0,0,2026-08-11T15:09:45.361+00:00
2026-08-13T08:15:14.997410+00:00,bbf67a3507,0,0,2026-08-02T01:22:20.664+00:00
2026-08-13T08:15:14.997410+00:00,bbf884fe52,0,0,2026-08-12T12:33:15.896+00:00
2026-08-13T08:15:14.997410+00:00,bc3c6d9c4d,0,0,2026-08-02T21:44:29.391+00:00
2026-08-13T08:15:14.997410+00:00,bce067af03,0,0,2026-08-07T01:17:47.741+00:00
2026-08-13T08:15:14.997410+00:00,bce47b2234,0,0,2026-08-08T06:33:17.22+00:00
2026-08-13T08:15:14.997410+00:00,bd3ff1d0ce,0,0,2026-08-09T03:04:31.699+00:00
2026-08-13T08:15:14.997410+00:00,bd5ffae6e2,0,0,2026-08-12T01:28:43.248+00:00
2026-08-13T08:15:14.997410+00:00,bd8f752725,0,0,2026-08-06T07:10:51.808+00:00
2026-08-13T08:15:14.997410+00:00,bdd81e49c5,0,0,2026-08-13T05:54:06.185+00:00
2026-08-13T08:15:14.997410+00:00,be305616e0,0,0,2026-08-07T16:25:16.279+00:00
2026-08-13T08:15:14.997410+00:00,be75910a26,0,0,2026-08-07T01:06:20.711+00:00
2026-08-13T08:15:14.997410+00:00,be789c74b5,0,0,2026-08-09T11:27:43.168+00:00
2026-08-13T08:15:14.997410+00:00,be7b02ce56,0,0,2026-08-09T06:52:14.239+00:00
2026-08-13T08:15:14.997410+00:00,be967366b0,0,0,2026-08-13T02:51:49.562+00:00
2026-08-13T08:15:14.997410+00:00,bede48538e,0,0,2026-08-13T02:43:24.823+00:00
2026-08-13T08:15:14.997410+00:00,bf2a598565,0,0,2026-08-06T22:19:04.083+00:00
2026-08-13T08:15:14.997410+00:00,bfbeef8ee2,0,0,2026-08-07T10:21:33.666+00:00
2026-08-13T08:15:14.997410+00:00,c0b94dec6c,0,0,2026-08-12T02:08:50.876+00:00
2026-08-13T08:15:14.997410+00:00,c12d615463,0,0,2026-08-05T15:17:06.097+00:00
2026-08-13T08:15:14.997410+00:00,c131d7d470,0,0,2026-07-17T23:32:34.138+00:00
2026-08-13T08:15:14.997410+00:00,c13b3714d8,0,0,2026-08-10T18:19:37.015+00:00
2026-08-13T08:15:14.997410+00:00,c24620a98e,0,0,2026-08-10T20:23:19.967+00:00
2026-08-13T08:15:14.997410+00:00,c28901f8cf,0,0,2026-08-07T21:50:33.572+00:00
2026-08-13T08:15:14.997410+00:00,c2e85701c0,0,0,2026-08-11T08:47:37.438+00:00
2026-08-13T08:15:14.997410+00:00,c350b4e011,0,0,2026-08-10T17:09:35.142+00:00
2026-08-13T08:15:14.997410+00:00,c353110921,0,0,2026-08-09T22:15:36.427+00:00
2026-08-13T08:15:14.997410+00:00,c36cecadd0,0,0,2026-08-05T22:56:06.381+00:00
2026-08-13T08:15:14.997410+00:00,c41612347d,0,0,2026-08-12T19:13:05.95+00:00
2026-08-13T08:15:14.997410+00:00,c4b0399bb7,0,0,2026-08-07T23:43:47.201+00:00
2026-08-13T08:15:14.997410+00:00,c5155dfde8,0,0,2026-08-12T09:19:12.918+00:00
2026-08-13T08:15:14.997410+00:00,c57c5fcbd8,0,0,2026-08-10T17:43:12.985+00:00
2026-08-13T08:15:14.997410+00:00,c58a0eec0d,0,0,2026-08-10T17:43:06.606+00:00
2026-08-13T08:15:14.997410+00:00,c5f3d0ef73,0,0,2026-08-01T21:21:05.393+00:00
2026-08-13T08:15:14.997410+00:00,c6248bd8c1,0,0,2026-08-11T04:07:03.63+00:00
2026-08-13T08:15:14.997410+00:00,c65bbd852b,0,0,2026-08-09T14:46:03.846+00:00
2026-08-13T08:15:14.997410+00:00,c683964270,0,0,2026-08-13T03:47:26.409+00:00
2026-08-13T08:15:14.997410+00:00,c6ae47b194,0,0,2026-08-12T10:03:47.037+00:00
2026-08-13T08:15:14.997410+00:00,c79b1adffe,0,0,2026-08-05T04:15:47.723+00:00
2026-08-13T08:15:14.997410+00:00,c7beb1882b,0,0,2026-08-09T14:30:30.646+00:00
2026-08-13T08:15:14.997410+00:00,c80be5998b,0,0,2026-08-09T14:56:55.166+00:00
2026-08-13T08:15:14.997410+00:00,c871b39eb4,0,0,2026-08-08T19:20:35.098+00:00
2026-08-13T08:15:14.997410+00:00,c8e740dbac,0,0,2026-08-13T00:39:13.897+00:00
2026-08-13T08:15:14.997410+00:00,c969a6a169,0,0,2026-08-08T13:17:52.702+00:00
2026-08-13T08:15:14.997410+00:00,c997342807,0,0,2026-08-05T05:02:51.581+00:00
2026-08-13T08:15:14.997410+00:00,ca2d84b192,0,0,2026-08-08T18:45:49.16+00:00
2026-08-13T08:15:14.997410+00:00,ca43eb43f7,0,0,2026-08-09T22:36:39.058+00:00
2026-08-13T08:15:14.997410+00:00,ca7314d31c,0,0,2026-08-03T04:49:41.747+00:00
2026-08-13T08:15:14.997410+00:00,cace4a262b,0,0,2026-08-10T19:48:41.123+00:00
2026-08-13T08:15:14.997410+00:00,cb397d3e04,0,0,2026-08-05T23:58:54.484+00:00
2026-08-13T08:15:14.997410+00:00,cb48511b13,0,0,2026-08-11T09:45:36.895+00:00
2026-08-13T08:15:14.997410+00:00,cbdde2fa70,0,0,2026-08-07T14:04:01.321+00:00
2026-08-13T08:15:14.997410+00:00,cbec80a7fc,0,0,2026-08-02T16:21:25.88+00:00
2026-08-13T08:15:14.997410+00:00,cbf29d3516,0,0,2026-08-05T18:42:54.729+00:00
2026-08-13T08:15:14.997410+00:00,cc75408cba,0,0,2026-08-05T04:14:41.426+00:00
2026-08-13T08:15:14.997410+00:00,cc91857702,0,0,2026-07-15T18:07:53.652+00:00
2026-08-13T08:15:14.997410+00:00,cccc3b6568,0,0,2026-08-07T19:48:50.381+00:00
2026-08-13T08:15:14.997410+00:00,ce0489519c,0,0,2026-07-29T16:04:32.06+00:00
2026-08-13T08:15:14.997410+00:00,ce36a8cf15,0,0,2026-08-08T23:10:57.208+00:00
2026-08-13T08:15:14.997410+00:00,ce3d8d3e8a,0,0,2026-08-07T17:15:55.068+00:00
2026-08-13T08:15:14.997410+00:00,ce583e688d,0,0,2026-08-11T17:43:08.158+00:00
2026-08-13T08:15:14.997410+00:00,ce5c9202e1,0,0,2026-08-12T03:02:07.546+00:00
2026-08-13T08:15:14.997410+00:00,cea27559e6,0,0,2026-08-05T17:58:17.966+00:00
2026-08-13T08:15:14.997410+00:00,cea38d543a,0,0,2026-08-12T12:08:05.692+00:00
2026-08-13T08:15:14.997410+00:00,cedd13d401,0,0,2026-08-09T01:36:11.505+00:00
2026-08-13T08:15:14.997410+00:00,ceee2ba5d8,0,0,2026-08-12T08:14:29.376+00:00
2026-08-13T08:15:14.997410+00:00,cf6f287557,0,0,2026-08-09T14:31:06.049+00:00
2026-08-13T08:15:14.997410+00:00,cfd92d531d,0,0,2026-08-04T03:35:08.187+00:00
2026-08-13T08:15:14.997410+00:00,d01927ed56,0,0,2026-08-06T13:43:48.844+00:00
2026-08-13T08:15:14.997410+00:00,d019a67b08,0,0,2026-08-03T09:32:36.901+00:00
2026-08-13T08:15:14.997410+00:00,d043c698b3,0,0,2026-08-09T06:35:12.912+00:00
2026-08-13T08:15:14.997410+00:00,d157d73646,0,0,2026-08-11T15:23:23.373+00:00
2026-08-13T08:15:14.997410+00:00,d17ed486c4,0,0,2026-08-10T20:37:42.165+00:00
2026-08-13T08:15:14.997410+00:00,d1961dde9f,0,0,2026-08-03T08:43:51.023+00:00
2026-08-13T08:15:14.997410+00:00,d1a9eb38ea,0,0,2026-08-12T03:37:55.504+00:00
2026-08-13T08:15:14.997410+00:00,d1b465cc98,0,0,2026-08-07T00:12:28.944+00:00
2026-08-13T08:15:14.997410+00:00,d25627fb55,0,0,2026-08-10T12:55:23.126+00:00
2026-08-13T08:15:14.997410+00:00,d28dc90b22,0,0,2026-08-08T07:46:12.115+00:00
2026-08-13T08:15:14.997410+00:00,d2d1423fac,0,0,2026-08-10T19:26:10.25+00:00
2026-08-13T08:15:14.997410+00:00,d2e9d612a2,0,0,2026-08-10T03:18:59.393+00:00
2026-08-13T08:15:14.997410+00:00,d2fe183c8a,0,0,2026-08-08T20:02:01.061+00:00
2026-08-13T08:15:14.997410+00:00,d3448de8db,0,0,2026-08-11T23:06:59.981+00:00
2026-08-13T08:15:14.997410+00:00,d34f4535ad,0,0,2026-08-05T17:55:44.938+00:00
2026-08-13T08:15:14.997410+00:00,d3c8d4712b,0,0,2026-08-06T02:49:36.927+00:00
2026-08-13T08:15:14.997410+00:00,d3f31dced0,0,0,2026-07-15T17:31:32.831+00:00
2026-08-13T08:15:14.997410+00:00,d424b9fe0a,0,0,2026-08-10T00:49:11.915+00:00
2026-08-13T08:15:14.997410+00:00,d459c86fb6,0,0,2026-08-03T05:15:32.12+00:00
2026-08-13T08:15:14.997410+00:00,d4796d5de3,0,0,2026-08-11T18:31:40.408+00:00
2026-08-13T08:15:14.997410+00:00,d4a0cbee6f,0,0,2026-08-03T12:31:39.581+00:00
2026-08-13T08:15:14.997410+00:00,d4faddda23,0,0,2026-08-12T18:29:28.459+00:00
2026-08-13T08:15:14.997410+00:00,d50e57c110,0,0,2026-08-03T02:23:23.166+00:00
2026-08-13T08:15:14.997410+00:00,d53400e4f1,0,0,2026-08-11T18:34:06.133+00:00
2026-08-13T08:15:14.997410+00:00,d5d49c95e7,0,0,2026-07-03T07:44:32.566869+00:00
2026-08-13T08:15:14.997410+00:00,d5e0c98269,0,0,2026-08-10T22:39:23.57+00:00
2026-08-13T08:15:14.997410+00:00,d679646904,0,0,2026-08-11T08:17:53.363+00:00
2026-08-13T08:15:14.997410+00:00,d6a477225c,0,0,2026-08-12T20:39:50.593+00:00
2026-08-13T08:15:14.997410+00:00,d710fa3f64,0,0,2026-08-10T00:58:00.539+00:00
2026-08-13T08:15:14.997410+00:00,d76231d392,0,0,2026-08-03T21:33:38.021+00:00
2026-08-13T08:15:14.997410+00:00,d8b57c1df9,0,0,2026-08-08T01:46:38.682+00:00
2026-08-13T08:15:14.997410+00:00,d923fa4a71,0,0,2026-07-30T09:42:59.221+00:00
2026-08-13T08:15:14.997410+00:00,d931c5a255,0,0,2026-08-07T06:48:00.215+00:00
2026-08-13T08:15:14.997410+00:00,d9bb5d44e4,0,0,2026-08-06T01:19:42.564+00:00
2026-08-13T08:15:14.997410+00:00,d9bc0c7a66,0,0,2026-08-08T06:37:12.641+00:00
2026-08-13T08:15:14.997410+00:00,da7ad592ea,0,0,2026-08-04T15:52:47.962+00:00
2026-08-13T08:15:14.997410+00:00,da9f092729,0,0,2026-07-31T19:39:56.004+00:00
2026-08-13T08:15:14.997410+00:00,dafa9f0f6a,0,0,2026-08-10T16:27:02.187+00:00
2026-08-13T08:15:14.997410+00:00,db1a2b7a73,0,0,2026-08-09T20:09:45.405+00:00
2026-08-13T08:15:14.997410+00:00,dbad9bcc00,0,0,2026-08-09T10:42:43.054+00:00
2026-08-13T08:15:14.997410+00:00,dbf9b6e01c,0,0,2026-08-10T11:16:36.669+00:00
2026-08-13T08:15:14.997410+00:00,dc1c93f317,0,0,2026-08-10T23:44:07.236+00:00
2026-08-13T08:15:14.997410+00:00,dc736956ca,0,0,2026-08-11T19:01:39.562+00:00
2026-08-13T08:15:14.997410+00:00,dcab7cae1a,0,0,2026-08-10T22:27:26.025+00:00
2026-08-13T08:15:14.997410+00:00,dcae2e1257,0,0,2026-08-09T08:16:50.267+00:00
2026-08-13T08:15:14.997410+00:00,dcafa8dcde,0,0,2026-08-03T13:02:06.167+00:00
2026-08-13T08:15:14.997410+00:00,dd24a9b959,0,0,2026-08-04T06:39:11.597+00:00
2026-08-13T08:15:14.997410+00:00,dd89ea6d32,0,0,2026-08-07T22:45:55.414+00:00
2026-08-13T08:15:14.997410+00:00,dda8dc1f5e,0,0,2026-08-11T03:36:27.891+00:00
2026-08-13T08:15:14.997410+00:00,ddad02d1c5,0,0,2026-08-09T01:21:44.785+00:00
2026-08-13T08:15:14.997410+00:00,de63cf9ce9,0,0,2026-08-10T17:05:31.313+00:00
2026-08-13T08:15:14.997410+00:00,dfe2e9ed0a,0,0,2026-08-12T16:34:49.764+00:00
2026-08-13T08:15:14.997410+00:00,e056cf72ed,0,0,2026-07-16T05:27:15.234+00:00
2026-08-13T08:15:14.997410+00:00,e05ed8aa5c,0,0,2026-07-21T04:17:54.092+00:00
2026-08-13T08:15:14.997410+00:00,e0f8538cf8,0,0,2026-08-09T05:33:12.961+00:00
2026-08-13T08:15:14.997410+00:00,e18b15528b,0,0,2026-08-04T19:23:48.022+00:00
2026-08-13T08:15:14.997410+00:00,e1a338576e,0,0,2026-08-12T03:10:54.71+00:00
2026-08-13T08:15:14.997410+00:00,e20f36e3c3,0,0,2026-08-12T12:17:36.06+00:00
2026-08-13T08:15:14.997410+00:00,e235e0e3da,0,0,2026-08-04T05:38:51.164+00:00
2026-08-13T08:15:14.997410+00:00,e2847fcc00,0,0,2026-07-17T23:01:56.422+00:00
2026-08-13T08:15:14.997410+00:00,e287aeb67f,0,0,2026-08-08T16:05:31.292+00:00
2026-08-13T08:15:14.997410+00:00,e2ceff0c4e,0,0,2026-08-12T06:07:56.175+00:00
2026-08-13T08:15:14.997410+00:00,e31cffb2c7,0,0,2026-07-31T09:11:26.722+00:00
2026-08-13T08:15:14.997410+00:00,e3245db5d6,0,0,2026-08-10T02:16:15.586+00:00
2026-08-13T08:15:14.997410+00:00,e370bd3099,0,0,2026-08-10T10:31:31.6+00:00
2026-08-13T08:15:14.997410+00:00,e3b11971e1,0,0,2026-08-11T02:25:13.774+00:00
2026-08-13T08:15:14.997410+00:00,e3efcb76fc,0,0,2026-07-28T01:20:12.927+00:00
2026-08-13T08:15:14.997410+00:00,e40c7b88e1,0,0,2026-08-09T01:28:08.4+00:00
2026-08-13T08:15:14.997410+00:00,e45db4af6a,0,0,2026-08-06T17:15:05.665+00:00
2026-08-13T08:15:14.997410+00:00,e461fe7f13,0,0,2026-08-10T22:23:06.54+00:00
2026-08-13T08:15:14.997410+00:00,e47015352a,0,0,2026-08-12T16:28:27.244+00:00
2026-08-13T08:15:14.997410+00:00,e476450302,0,0,2026-08-08T01:05:39.776+00:00
2026-08-13T08:15:14.997410+00:00,e47c269c6e,0,0,2026-07-09T01:47:34.592+00:00
2026-08-13T08:15:14.997410+00:00,e4de27fa40,0,0,2026-08-12T04:56:17.593+00:00
2026-08-13T08:15:14.997410+00:00,e5075fe3c4,0,0,2026-08-12T04:42:16.913+00:00
2026-08-13T08:15:14.997410+00:00,e539e19ca9,0,0,2026-08-11T20:16:39.97+00:00
2026-08-13T08:15:14.997410+00:00,e5aa7aa3d8,0,0,2026-08-09T05:15:32.417+00:00
2026-08-13T08:15:14.997410+00:00,e661c75a51,0,0,2026-08-12T09:41:30.727+00:00
2026-08-13T08:15:14.997410+00:00,e71ce227d3,0,0,2026-08-08T06:09:10.881+00:00
2026-08-13T08:15:14.997410+00:00,e720a4e23b,0,0,2026-08-11T00:01:17.912+00:00
2026-08-13T08:15:14.997410+00:00,e75e12f5ff,0,0,2026-08-13T02:15:58.891+00:00
2026-08-13T08:15:14.997410+00:00,e7949ef829,0,0,2026-08-06T13:11:08.014+00:00
2026-08-13T08:15:14.997410+00:00,e7b402a94f,0,0,2026-08-11T23:35:31.595+00:00
2026-08-13T08:15:14.997410+00:00,e8b5cc018d,0,0,2026-08-12T04:46:24.809+00:00
2026-08-13T08:15:14.997410+00:00,e8b5fc30e8,0,0,2026-08-09T14:10:40.069+00:00
2026-08-13T08:15:14.997410+00:00,e970ed822c,0,0,2026-08-12T03:10:53.315+00:00
2026-08-13T08:15:14.997410+00:00,e9ea182901,0,0,2026-07-31T13:20:11.91+00:00
2026-08-13T08:15:14.997410+00:00,e9eb11b5f8,0,0,2026-08-11T15:50:04.922+00:00
2026-08-13T08:15:14.997410+00:00,ea06d3bb6c,0,0,2026-08-03T20:23:06.869+00:00
2026-08-13T08:15:14.997410+00:00,ea3b3493ad,0,0,2026-08-10T20:25:39.391+00:00
2026-08-13T08:15:14.997410+00:00,ea44bd0d4c,0,0,2026-08-12T00:59:39.786+00:00
2026-08-13T08:15:14.997410+00:00,ea478f5b16,0,0,2026-08-06T23:11:09.234+00:00
2026-08-13T08:15:14.997410+00:00,ea8a13fd9c,0,0,2026-08-07T15:36:26.441+00:00
2026-08-13T08:15:14.997410+00:00,eb320ce3de,0,0,2026-08-10T02:24:31.681+00:00
2026-08-13T08:15:14.997410+00:00,eb3e530709,0,0,2026-08-09T18:00:29.285+00:00
2026-08-13T08:15:14.997410+00:00,ec1189fbb2,0,0,2026-08-03T01:07:35.274+00:00
2026-08-13T08:15:14.997410+00:00,ec3401eba1,0,0,2026-08-03T16:14:23.822+00:00
2026-08-13T08:15:14.997410+00:00,ec3730e910,0,0,2026-08-03T04:19:29.743+00:00
2026-08-13T08:15:14.997410+00:00,ec59d52532,0,0,2026-08-02T23:22:42.6+00:00
2026-08-13T08:15:14.997410+00:00,ec767b8c54,0,0,2026-08-12T09:15:41.626+00:00
2026-08-13T08:15:14.997410+00:00,ec834fce78,0,0,2026-08-11T06:10:26.218+00:00
2026-08-13T08:15:14.997410+00:00,ec8bf95dc8,0,0,2026-08-09T23:42:19.245+00:00
2026-08-13T08:15:14.997410+00:00,ecba584a67,0,0,2026-08-03T15:35:06.199+00:00
2026-08-13T08:15:14.997410+00:00,ecbce0f929,0,0,2026-08-10T05:40:45.173+00:00
2026-08-13T08:15:14.997410+00:00,ece204537f,0,0,2026-08-06T03:02:02.506+00:00
2026-08-13T08:15:14.997410+00:00,ed572b391c,0,0,2026-08-09T06:25:26.339+00:00
2026-08-13T08:15:14.997410+00:00,ee236648e7,0,0,2026-08-10T15:21:29.437+00:00
2026-08-13T08:15:14.997410+00:00,ee2d743e77,0,0,2026-08-13T07:42:54.196+00:00
2026-08-13T08:15:14.997410+00:00,ee33dc4bf8,0,0,2026-08-12T14:42:10.089+00:00
2026-08-13T08:15:14.997410+00:00,ee759d4523,0,0,2026-08-09T05:09:40.768+00:00
2026-08-13T08:15:14.997410+00:00,eea9104e0a,0,0,2026-08-10T00:51:32.289+00:00
2026-08-13T08:15:14.997410+00:00,eeb5e21e25,0,0,2026-08-06T00:34:44.468+00:00
2026-08-13T08:15:14.997410+00:00,eefef4a658,0,0,2026-08-12T00:19:10.496+00:00
2026-08-13T08:15:14.997410+00:00,ef35b2af07,0,0,2026-08-04T05:32:11.234+00:00
2026-08-13T08:15:14.997410+00:00,efe9eb945a,0,0,2026-08-06T13:11:24.696+00:00
2026-08-13T08:15:14.997410+00:00,f01e35a675,0,0,2026-08-05T16:14:03.465+00:00
2026-08-13T08:15:14.997410+00:00,f0b8ae2688,0,0,2026-08-09T14:00:08.059+00:00
2026-08-13T08:15:14.997410+00:00,f0ea912096,0,0,2026-08-08T01:39:58.015+00:00
2026-08-13T08:15:14.997410+00:00,f1ac92e708,0,0,2026-08-09T23:59:15.516+00:00
2026-08-13T08:15:14.997410+00:00,f1c11c8d79,0,0,2026-08-03T06:59:51.014+00:00
2026-08-13T08:15:14.997410+00:00,f1d63acd6a,0,0,2026-08-09T19:09:47.024+00:00
2026-08-13T08:15:14.997410+00:00,f1d8286779,0,0,2026-08-13T02:44:50.341+00:00
2026-08-13T08:15:14.997410+00:00,f20634a4e6,0,0,2026-08-04T14:51:46.416+00:00
2026-08-13T08:15:14.997410+00:00,f218098962,0,0,2026-08-12T12:44:28.089+00:00
2026-08-13T08:15:14.997410+00:00,f29e51e838,0,0,2026-07-22T15:12:23.189+00:00
2026-08-13T08:15:14.997410+00:00,f2db4a8765,0,0,2026-08-12T05:06:18.465+00:00
2026-08-13T08:15:14.997410+00:00,f2dce5ea30,0,0,2026-08-09T18:00:31.31+00:00
2026-08-13T08:15:14.997410+00:00,f38ef2f735,0,0,2026-08-11T03:48:44.682+00:00
2026-08-13T08:15:14.997410+00:00,f3b27d6a9d,0,0,2026-08-12T04:06:51.944+00:00
2026-08-13T08:15:14.997410+00:00,f489156306,0,0,2026-08-07T15:35:14.8+00:00
2026-08-13T08:15:14.997410+00:00,f4d16411af,0,0,2026-08-12T01:47:40.206+00:00
2026-08-13T08:15:14.997410+00:00,f4d3097c3a,0,0,2026-08-09T17:04:08.853+00:00
2026-08-13T08:15:14.997410+00:00,f4febd4188,0,0,2026-08-06T08:01:47.588+00:00
2026-08-13T08:15:14.997410+00:00,f5111e7c2f,0,0,2026-08-12T04:57:23.894+00:00
2026-08-13T08:15:14.997410+00:00,f513cc4867,0,0,2026-08-08T05:38:57.523+00:00
2026-08-13T08:15:14.997410+00:00,f5e9ddb001,0,0,2026-08-05T04:11:12.314+00:00
2026-08-13T08:15:14.997410+00:00,f6601a553c,0,0,2026-08-09T03:37:14.638+00:00
2026-08-13T08:15:14.997410+00:00,f673b5aada,0,0,2026-08-04T09:26:55.233+00:00
2026-08-13T08:15:14.997410+00:00,f67af6c456,0,0,2026-08-06T01:42:52.308+00:00
2026-08-13T08:15:14.997410+00:00,f69f81ef73,0,0,2026-08-09T14:09:49.118+00:00
2026-08-13T08:15:14.997410+00:00,f6a08ee9ed,0,0,2026-08-05T15:52:35.064+00:00
2026-08-13T08:15:14.997410+00:00,f6a368188a,0,0,2026-08-05T23:53:44.689+00:00
2026-08-13T08:15:14.997410+00:00,f6e7252f98,0,0,2026-08-12T16:59:33.99+00:00
2026-08-13T08:15:14.997410+00:00,f6fed34652,0,0,2026-08-11T22:08:19.154+00:00
2026-08-13T08:15:14.997410+00:00,f7311f3e59,0,0,2026-07-15T17:51:03.376+00:00
2026-08-13T08:15:14.997410+00:00,f86364698b,0,0,2026-08-12T17:43:35.156+00:00
2026-08-13T08:15:14.997410+00:00,f86960013d,0,0,2026-07-28T00:20:58.384+00:00
2026-08-13T08:15:14.997410+00:00,f91d74edd2,0,0,2026-08-05T10:47:29.073+00:00
2026-08-13T08:15:14.997410+00:00,f94a2ecc14,0,0,2026-08-03T22:29:34.172+00:00
2026-08-13T08:15:14.997410+00:00,f9c6749b33,0,0,2026-08-07T03:00:56.909+00:00
2026-08-13T08:15:14.997410+00:00,fa3294e90d,0,0,2026-08-03T13:55:43.809+00:00
2026-08-13T08:15:14.997410+00:00,fa7f58e3c0,0,0,2026-08-08T02:12:53.246+00:00
2026-08-13T08:15:14.997410+00:00,fac6bc5c61,0,0,2026-08-07T19:56:08.016+00:00
2026-08-13T08:15:14.997410+00:00,fb6fb3b45b,0,0,2026-08-05T16:20:57.456+00:00
2026-08-13T08:15:14.997410+00:00,fb915aea61,0,0,2026-08-03T11:04:48.827+00:00
2026-08-13T08:15:14.997410+00:00,fb92bb9972,0,0,2026-08-08T16:38:58.684+00:00
2026-08-13T08:15:14.997410+00:00,fb9a5a2997,0,0,2026-08-11T02:08:59.126+00:00
2026-08-13T08:15:14.997410+00:00,fc70a328e0,0,0,2026-08-11T18:51:07.634+00:00
2026-08-13T08:15:14.997410+00:00,fcc6e760f4,0,0,2026-08-11T04:38:11.523+00:00
2026-08-13T08:15:14.997410+00:00,fcd80f1f4d,0,0,2026-08-12T15:02:33.441+00:00
2026-08-13T08:15:14.997410+00:00,fcdeaccb98,0,0,2026-07-31T01:49:46.699+00:00
2026-08-13T08:15:14.997410+00:00,fce5fedf4a,0,0,2026-08-06T23:44:16.337+00:00
2026-08-13T08:15:14.997410+00:00,fd90d60852,0,0,2026-08-03T17:39:08.379+00:00
2026-08-13T08:15:14.997410+00:00,fde6fbfb32,0,0,2026-08-07T21:58:12.698+00:00
2026-08-13T08:15:14.997410+00:00,fe073b2baf,0,0,2026-08-04T02:45:26.548+00:00
2026-08-13T08:15:14.997410+00:00,fe486c4741,0,0,2026-08-09T19:49:23.658+00:00
2026-08-13T08:15:14.997410+00:00,fe84505199,0,0,2026-07-30T21:22:27.209+00:00
2026-08-13T08:15:14.997410+00:00,fe8c437613,0,0,2026-08-10T06:30:10.275+00:00
2026-08-13T08:15:14.997410+00:00,fe9e963210,0,0,2026-08-06T19:31:00.101+00:00
2026-08-13T08:15:14.997410+00:00,feb6ea1cec,0,0,2026-08-11T18:20:49.784+00:00
2026-08-13T08:15:14.997410+00:00,fee09f0ecb,0,0,2026-08-10T22:06:47.82+00:00
2026-08-13T08:15:14.997410+00:00,ff3499ede4,0,0,2026-08-04T06:39:09.994+00:00
2026-08-13T08:15:14.997410+00:00,ff6ee08683,0,0,2026-08-05T09:03:55.821+00:00
2026-08-13T08:15:14.997410+00:00,ff999fb53c,0,0,2026-07-27T16:29:43.862+00:00
